Unity Editor version:    6000.6.3f1 (45d8eee7de74)
Branch:                  6000.6/staging
Build type:              Release
Batch mode:              NO
System name:             Linux
Distro version:          #34~24.04.1-Ubuntu SMP PREEMPT_DYNAMIC Fri Sep  4 15:38:29 UTC 2
Kernel version:          7.0.0-34-generic
Architecture:            x86_64
Available memory:        31698 MB
Date:                    2026-10-01T20:29:17Z
VBCSCompilerPreWarmer: watching VBCSCompiler (PID 8916)
VBCSCompilerPreWarmer: pre-warm launched (dotnet PID 8918)
VBCSCompiler prewarm took 56.00 ms
[Licensing::Module] Trying to connect to existing licensing client channel...
[Licensing::IpcConnector] Successfully connected to: "LicenseClient-sgarciav" at "2026-10-01T20:29:17.551143Z"
[SignatureVerifier] Application signature verification not supported on this platform.
[Licensing::Client] Handshaking with LicensingClient:
  Version:                 1.18.3+d7ffd15
  Session Id:              3a77ad2f3b0749efbf9398a98909f507
  Correlation Id:          e4e6837c0e4947d3b2b3d7537172f61c
  External correlation Id: 3061021427212159387
  Machine Id:              5pslNFhTI1G/LhiMOw8tXXoeElE=
[Licensing::Module] Successfully connected to LicensingClient on channel: "LicenseClient-sgarciav" (connect: 0.00s, validation: 0.01s, handshake: 0.00s)
[Licensing::IpcConnector] Successfully connected to: "LicenseClient-sgarciav-notifications" at "2026-10-01T20:29:17.562718Z"
[Licensing::Client] Successfully updated the access token
[Licensing::Module] Successfully updated the access token qB5b6Y5cVg...
[Licensing::Client] Successfully resolved entitlement details
[Licensing::Module] License group:
  Id: 2476045393768-UnityPersXXXX
  Product: Unity Personal
  Type: Assigned
  Expiration: Unlimited
[Licensing::Client] Successfully updated license, isAsync: True, time: 0.03
[Licensing::Client] Successfully resolved entitlement details
[Licensing::Module] Licensing Background thread has ended after 0.07s
Selected window backend: (null) 
Desktop is 1920 x 1200 @ 60 Hz
Initialize udev device monitor.

COMMAND LINE ARGUMENTS:
/home/sgarciav/Unity/Hub/Editor/6000.6.3f1/Editor/unityhub-unity-editor-6000.6.3f1
-projectpath
/home/sgarciav/git-repos/KinectGame_FB/Assets
-acceptSoftwareTermsForThisRunOnly
-useHub
-hubIPC
-cloudEnvironment
production
-buildTarget
StandaloneLinux64
-licensingIpc
LicenseClient-sgarciav
-hubSessionId
8fdfd060-9753-45ea-be88-0fc625c68282
-accessToken
qB5b6Y5cVgkHPH1tZXhvT_dRX5QxoImQG-PeW9Dnses002f
Successfully changed project path to: /home/sgarciav/git-repos/KinectGame_FB/Assets
/home/sgarciav/git-repos/KinectGame_FB/Assets
[UnityMemory] Configuration Parameters - Can be set up in boot.config
    "memorysetup-temp-allocator-size-gi-baking-worker=262144"
    "memorysetup-temp-allocator-size-gi-baking-worker=262144"
    "memorysetup-temp-allocator-size-gi-baking-worker=262144"
    "memorysetup-temp-allocator-size-gi-baking-worker=262144"
    "memorysetup-temp-allocator-size-gi-baking-worker=262144"
    "memorysetup-temp-allocator-size-nav-mesh-worker=65536"
    "memorysetup-temp-allocator-size-audio-worker=65536"
    "memorysetup-temp-allocator-size-cloud-worker=32768"
    "memorysetup-temp-allocator-size-preload-manager=33554432"
    "memorysetup-remapper-allocator-initial-capacity=32768"
    "memorysetup-temp-allocator-size-gfx=262144"
    "memorysetup-allocator-temp-initial-block-size-main=262144"
    "memorysetup-allocator-temp-initial-block-size-worker=262144"
    "memorysetup-temp-allocator-size-background-worker=32768"
    "memorysetup-temp-allocator-size-job-worker=262144"
    "memorysetup-bucket-allocator-granularity=16"
    "memorysetup-bucket-allocator-bucket-count=8"
    "memorysetup-bucket-allocator-block-size=33554432"
    "memorysetup-bucket-allocator-block-count=8"
    "memorysetup-main-allocator-block-size=16777216"
    "memorysetup-thread-allocator-block-size=16777216"
    "memorysetup-main-allocator-mimalloc-enabled=1"
    "memorysetup-gfx-main-allocator-block-size=16777216"
    "memorysetup-gfx-thread-allocator-block-size=16777216"
    "memorysetup-cache-allocator-block-size=4194304"
    "memorysetup-typetree-allocator-block-size=2097152"
    "memorysetup-profiler-bucket-allocator-granularity=16"
    "memorysetup-profiler-bucket-allocator-bucket-count=8"
    "memorysetup-profiler-bucket-allocator-block-size=33554432"
    "memorysetup-profiler-bucket-allocator-block-count=8"
    "memorysetup-profiler-allocator-block-size=16777216"
    "memorysetup-profiler-editor-allocator-block-size=1048576"
    "memorysetup-temp-allocator-size-main=16777216"
    "memorysetup-job-temp-allocator-block-size=2097152"
    "memorysetup-job-temp-allocator-block-size-background=1048576"
    "memorysetup-job-temp-allocator-reduction-small-platforms=262144"
Player connection [138448131410368]  Target information:

Player connection [138448131410368]  * "[IP] 192.168.50.249 [Port] 55504 [Flags] 2 [Guid] 197637527 [EditorId] 197637527 [Version] 1048832 [Id] LinuxEditor(16,192.168.50.249) [Debug] 1 [PackageName] LinuxEditor [ProjectName] Editor" 

Player connection [138448131410368]  * "[IP] 100.65.202.44 [Port] 55504 [Flags] 2 [Guid] 197637527 [EditorId] 197637527 [Version] 1048832 [Id] LinuxEditor(16,192.168.50.249) [Debug] 1 [PackageName] LinuxEditor [ProjectName] Editor" 

Player connection [138448131410368]  * "[IP] 172.17.0.1 [Port] 55504 [Flags] 2 [Guid] 197637527 [EditorId] 197637527 [Version] 1048832 [Id] LinuxEditor(16,192.168.50.249) [Debug] 1 [PackageName] LinuxEditor [ProjectName] Editor" 

Player connection [138448131410368] Host joined multi-casting on [225.0.0.222:54997]...
Player connection [138448131410368] Host joined alternative multi-casting on [225.0.0.222:34997]...
Input System module state changed to: Initialized.
[Physics::Module] Initialized fallback backend.
[Physics::Module] Id: 0xdecafbad
[Package Manager] Connected to IPC stream "Upm-8893" after 0.4 seconds.
[Licensing::Client] Successfully resolved entitlement details
Library Redirect Path: Library/
Rebuilding Library because the asset database could not be found!
Initialising UDS system complete:
  - System type: Client
  - Resource namespace: a56a1b55b06153851bf562e511e55356
  - Shared memory size: 1073741824
  - Command buffer id: 1052624
  - Command buffer size: 8192
  - Hashmap size: 4194304
  - Service connected: false
Launching Unity Data Store - /home/sgarciav/Unity/Hub/Editor/6000.6.3f1/Editor/Data/Tools/Unity.DataStore 
Unity Data Store artifact dir = Library/DataStore, working dir = /home/sgarciav/git-repos/KinectGame_FB/AssetsUnity Data Store running and initialised
Targeting platform: StandaloneLinux64
[Physics::Module] Selected backend (deferred post-plugins).
[Physics::Module] Name: PhysX
[Physics::Module] Id: 0xf2b8ea05
[Physics::Module] SDK Version: 4.1.2
[Physics::Module] Integration Version: 1.0.0
[Physics::Module] Threading Mode: Multi-Threaded
Initialize engine version: 6000.6.3f1 (45d8eee7de74)
[EntityIdStore] init: VM path (explicit commit), pageSize=4096, blockCount=1048576, entitiesPerBlock=256, slots reserved=4294967296 bytes
[Subsystems] Discovering subsystems at path /home/sgarciav/Unity/Hub/Editor/6000.6.3f1/Editor/Data/Resources/UnitySubsystems
[Subsystems] Discovering subsystems at path /home/sgarciav/git-repos/KinectGame_FB/Assets/Assets
kGfxThreadingModeSplitJobs is not supported on OpenGL Core. Reverting to kGfxThreadingModeDirect instead.
GfxDevice: creating device client; kGfxThreadingModeDirect
GLX Extensions: GLX_ARB_context_flush_control GLX_ARB_create_context GLX_ARB_create_context_no_error GLX_ARB_create_context_profile GLX_ARB_create_context_robustness GLX_ARB_fbconfig_float GLX_ARB_framebuffer_sRGB GLX_ARB_get_proc_address GLX_ARB_multisample GLX_EXT_buffer_age GLX_EXT_create_context_es2_profile GLX_EXT_create_context_es_profile GLX_EXT_fbconfig_packed_float GLX_EXT_framebuffer_sRGB GLX_EXT_no_config_context GLX_EXT_swap_control GLX_EXT_swap_control_tear GLX_EXT_texture_from_pixmap GLX_EXT_visual_info GLX_EXT_visual_rating GLX_INTEL_swap_event GLX_MESA_copy_sub_buffer GLX_MESA_gl_interop GLX_MESA_query_renderer GLX_MESA_swap_control GLX_OML_sync_control GLX_SGIS_multisample GLX_SGIX_fbconfig GLX_SGIX_pbuffer GLX_SGIX_visual_select_group GLX_SGI_make_current_read GLX_SGI_swap_control GLX_SGI_video_sync 
Renderer: Mesa Intel(R) Iris(R) Xe Graphics (RPL-P)
Vendor:   Intel
Version:  4.6 (Core Profile) Mesa 25.2.8-0ubuntu0.24.04.2
GLES:     0
 GL_3DFX_texture_compression_FXT1 GL_AMD_conservative_depth GL_AMD_depth_clamp_separate GL_AMD_draw_buffers_blend GL_AMD_gpu_shader_int64 GL_AMD_multi_draw_indirect GL_AMD_performance_monitor GL_AMD_pinned_memory GL_AMD_query_buffer_object GL_AMD_seamless_cubemap_per_texture GL_AMD_shader_stencil_export GL_AMD_shader_trinary_minmax GL_AMD_texture_texture4 GL_AMD_vertex_shader_layer GL_AMD_vertex_shader_viewport_index GL_ANGLE_texture_compression_dxt3 GL_ANGLE_texture_compression_dxt5 GL_ARB_ES2_compatibility GL_ARB_ES3_1_compatibility GL_ARB_ES3_2_compatibility GL_ARB_ES3_compatibility GL_ARB_arrays_of_arrays GL_ARB_base_instance GL_ARB_blend_func_extended GL_ARB_buffer_storage GL_ARB_clear_buffer_object GL_ARB_clear_texture GL_ARB_clip_control GL_ARB_compressed_texture_pixel_storage GL_ARB_compute_shader GL_ARB_compute_variable_group_size GL_ARB_conditional_render_inverted GL_ARB_conservative_depth GL_ARB_copy_buffer GL_ARB_copy_image GL_ARB_cull_distance GL_ARB_debug_output GL_ARB_depth_buffer_float GL_ARB
_depth_clamp GL_ARB_derivative_control GL_ARB_direct_state_access GL_ARB_draw_buffers GL_ARB_draw_buffers_blend GL_ARB_draw_elements_base_vertex GL_ARB_draw_indirect GL_ARB_draw_instanced GL_ARB_enhanced_layouts GL_ARB_explicit_attrib_location GL_ARB_explicit_uniform_location GL_ARB_fragment_coord_conventions GL_ARB_fragment_layer_viewport GL_ARB_fragment_shader GL_ARB_fragment_shader_interlock GL_ARB_framebuffer_no_attachments GL_ARB_framebuffer_object GL_ARB_framebuffer_sRGB GL_ARB_get_program_binary GL_ARB_get_texture_sub_image GL_ARB_gl_spirv GL_ARB_gpu_shader5 GL_ARB_gpu_shader_fp64 GL_ARB_gpu_shader_int64 GL_ARB_half_float_pixel GL_ARB_half_float_vertex GL_ARB_indirect_parameters GL_ARB_instanced_arrays GL_ARB_internalformat_query GL_ARB_internalformat_query2 GL_ARB_invalidate_subdata GL_ARB_map_buffer_alignment GL_ARB_map_buffer_range GL_ARB_multi_bind GL_ARB_multi_draw_indirect GL_ARB_occlusion_query2 GL_ARB_parallel_shader_compile GL_ARB_pipeline_statistics_query GL_ARB_pixel_buffer_object GL_ARB_po
int_sprite GL_ARB_polygon_offset_clamp GL_ARB_post_depth_coverage GL_ARB_program_interface_query GL_ARB_provoking_vertex GL_ARB_query_buffer_object GL_ARB_robust_buffer_access_behavior GL_ARB_robustness GL_ARB_sample_shading GL_ARB_sampler_objects GL_ARB_seamless_cube_map GL_ARB_seamless_cubemap_per_texture GL_ARB_separate_shader_objects GL_ARB_shader_atomic_counter_ops GL_ARB_shader_atomic_counters GL_ARB_shader_ballot GL_ARB_shader_bit_encoding GL_ARB_shader_clock GL_ARB_shader_draw_parameters GL_ARB_shader_group_vote GL_ARB_shader_image_load_store GL_ARB_shader_image_size GL_ARB_shader_objects GL_ARB_shader_precision GL_ARB_shader_stencil_export GL_ARB_shader_storage_buffer_object GL_ARB_shader_subroutine GL_ARB_shader_texture_image_samples GL_ARB_shader_texture_lod GL_ARB_shader_viewport_layer_array GL_ARB_shading_language_420pack GL_ARB_shading_language_include GL_ARB_shading_language_packing GL_ARB_spirv_extensions GL_ARB_stencil_texturing GL_ARB_sync GL_ARB_tessellation_shader GL_ARB_texture_barrier G
L_ARB_texture_border_clamp GL_ARB_texture_buffer_object GL_ARB_texture_buffer_object_rgb32 GL_ARB_texture_buffer_range GL_ARB_texture_compression_bptc GL_ARB_texture_compression_rgtc GL_ARB_texture_cube_map_array GL_ARB_texture_filter_anisotropic GL_ARB_texture_float GL_ARB_texture_gather GL_ARB_texture_mirror_clamp_to_edge GL_ARB_texture_multisample GL_ARB_texture_non_power_of_two GL_ARB_texture_query_levels GL_ARB_texture_query_lod GL_ARB_texture_rectangle GL_ARB_texture_rg GL_ARB_texture_rgb10_a2ui GL_ARB_texture_stencil8 GL_ARB_texture_storage GL_ARB_texture_storage_multisample GL_ARB_texture_swizzle GL_ARB_texture_view GL_ARB_timer_query GL_ARB_transform_feedback2 GL_ARB_transform_feedback3 GL_ARB_transform_feedback_instanced GL_ARB_transform_feedback_overflow_query GL_ARB_uniform_buffer_object GL_ARB_vertex_array_bgra GL_ARB_vertex_array_object GL_ARB_vertex_attrib_64bit GL_ARB_vertex_attrib_binding GL_ARB_vertex_buffer_object GL_ARB_vertex_shader GL_ARB_vertex_type_10f_11f_11f_rev GL_ARB_vertex_type_2
_10_10_10_rev GL_ARB_viewport_array GL_ATI_blend_equation_separate GL_ATI_texture_float GL_EXT_EGL_image_storage GL_EXT_EGL_image_storage_compression GL_EXT_EGL_sync GL_EXT_abgr GL_EXT_blend_equation_separate GL_EXT_debug_label GL_EXT_demote_to_helper_invocation GL_EXT_depth_bounds_test GL_EXT_draw_buffers2 GL_EXT_draw_instanced GL_EXT_framebuffer_blit GL_EXT_framebuffer_multisample GL_EXT_framebuffer_multisample_blit_scaled GL_EXT_framebuffer_object GL_EXT_framebuffer_sRGB GL_EXT_memory_object GL_EXT_memory_object_fd GL_EXT_packed_depth_stencil GL_EXT_packed_float GL_EXT_pixel_buffer_object GL_EXT_polygon_offset_clamp GL_EXT_provoking_vertex GL_EXT_semaphore GL_EXT_semaphore_fd GL_EXT_shader_clock GL_EXT_shader_framebuffer_fetch GL_EXT_shader_framebuffer_fetch_non_coherent GL_EXT_shader_integer_mix GL_EXT_shader_samples_identical GL_EXT_texture_array GL_EXT_texture_compression_dxt1 GL_EXT_texture_compression_rgtc GL_EXT_texture_compression_s3tc GL_EXT_texture_filter_anisotropic GL_EXT_texture_integer GL_EXT
_texture_sRGB GL_EXT_texture_sRGB_R8 GL_EXT_texture_sRGB_decode GL_EXT_texture_shadow_lod GL_EXT_texture_shared_exponent GL_EXT_texture_snorm GL_EXT_texture_storage GL_EXT_texture_swizzle GL_EXT_timer_query GL_EXT_transform_feedback GL_EXT_vertex_array_bgra GL_EXT_vertex_attrib_64bit GL_IBM_multimode_draw_arrays GL_INTEL_blackhole_render GL_INTEL_conservative_rasterization GL_INTEL_performance_query GL_INTEL_shader_atomic_float_minmax GL_INTEL_shader_integer_functions2 GL_KHR_blend_equation_advanced GL_KHR_blend_equation_advanced_coherent GL_KHR_context_flush_control GL_KHR_debug GL_KHR_no_error GL_KHR_parallel_shader_compile GL_KHR_robust_buffer_access_behavior GL_KHR_robustness GL_KHR_texture_compression_astc_ldr GL_KHR_texture_compression_astc_sliced_3d GL_MESA_framebuffer_flip_y GL_MESA_pack_invert GL_MESA_shader_integer_functions GL_MESA_texture_const_bandwidth GL_MESA_texture_signed_rgba GL_NV_alpha_to_coverage_dither_control GL_NV_compute_shader_derivatives GL_NV_conditional_render GL_NV_copy_image GL
_NV_depth_clamp GL_NV_fragment_shader_interlock GL_NV_packed_depth_stencil GL_NV_texture_barrier GL_OES_EGL_image GL_S3_s3tc
OPENGL LOG: Creating OpenGL 4.6 graphics device ; Context level  <OpenGL 4.5> ; Context handle -1768321008
Initialize mono
Mono path[0] = '/home/sgarciav/Unity/Hub/Editor/6000.6.3f1/Editor/Data/Managed'
Mono path[1] = '/home/sgarciav/Unity/Hub/Editor/6000.6.3f1/Editor/Data/BCLExtensions/runtime/netstandard2.1'
Mono path[2] = '/home/sgarciav/Unity/Hub/Editor/6000.6.3f1/Editor/Data/MonoBleedingEdge/lib/mono/unityjit-linux'
Mono config path = '/home/sgarciav/Unity/Hub/Editor/6000.6.3f1/Editor/Data/MonoBleedingEdge/etc'
Using monoOptions --debugger-agent=transport=dt_socket,embedding=1,server=y,suspend=n,address=127.0.0.1:56893
CodeReloadManager initialized
ImportWorker Server TCP listen port: 0
AcceleratorClientConnectionCallback - disconnected - :0
Begin MonoManager ReloadAssembly
Registering precompiled unity dll's ...
Register platform support module: /home/sgarciav/Unity/Hub/Editor/6000.6.3f1/Editor/Data/PlaybackEngines/WindowsStandaloneSupport/UnityEditor.WindowsStandalone.Extensions.dll
Register platform support module: /home/sgarciav/Unity/Hub/Editor/6000.6.3f1/Editor/Data/PlaybackEngines/LinuxStandaloneSupport/UnityEditor.LinuxStandalone.Extensions.dll
Registered in 0.003112 seconds.
Native extension for LinuxStandalone target not found
Package Manager log level set to [2]
Native extension for WindowsStandalone target not found
[Package Manager] Unable to add package [com.unity.toolchain.linux-x86_64-linux]:
  The file [/home/sgarciav/git-repos/KinectGame_FB/Assets/Packages/manifest.json] cannot be found
[Package Manager] Unable to add package [com.unity.sdk.linux-x86_64]:
  The file [/home/sgarciav/git-repos/KinectGame_FB/Assets/Packages/manifest.json] cannot be found
[Package Manager] The file [/home/sgarciav/git-repos/KinectGame_FB/Assets/Packages/manifest.json] cannot be found
[Package Manager] The file [/home/sgarciav/git-repos/KinectGame_FB/Assets/Packages/manifest.json] cannot be found
ScheduleIndexationOnStartup MainProcess:False IndexOnStartup:False
Scripting: successfully reloaded assembly
- Finished resetting the current domain, in  1.748 seconds
Domain Reload Profiling: 2705ms
	BeginReloadAssembly (226ms)
		CreateAndSetChildDomain (23ms)
	RebuildCommonClasses (7ms)
	RebuildNativeTypeToScriptingClass (22ms)
	initialDomainReloadingComplete (106ms)
	LoadAllAssembliesAndSetupDomain (593ms)
		LoadAssemblies (204ms)
		TypeCache.Refresh (415ms)
			TypeCache.ScanAssembly (388ms)
		AnalyzeDomain (1ms)
	FinalizeReload (1751ms)
		SetupLoadedEditorAssemblies (0ms)
			LogAssemblyErrors (3ms)
			InitializePlatformSupportModulesInManaged (10ms)
			BeforeProcessingInitializeOnLoad (194ms)
			ProcessInitializeOnLoadAttributes (169ms)
			ProcessInitializeOnLoadMethodAttributes (1043ms)
[Licensing::Client] Successfully resolved entitlement details
Application.AssetDatabase Initial Refresh Start
[Package Manager] The file [/home/sgarciav/git-repos/KinectGame_FB/Assets/Packages/manifest.json] cannot be found
[Package Manager] The file [/home/sgarciav/git-repos/KinectGame_FB/Assets/Packages/manifest.json] cannot be found
[Package Manager] Done resolving packages in 2.04 seconds
[Licensing::Client] Successfully resolved entitlement details
[Package Manager] Lock file was modified
[Package Manager] Registered 42 packages:
  Packages from [https://packages.unity.com]:
    com.unity.ide.rider@3.0.38 (location: /home/sgarciav/git-repos/KinectGame_FB/Assets/Library/PackageCache/com.unity.ide.rider@1f60b3138684)
    com.unity.ide.visualstudio@2.0.26 (location: /home/sgarciav/git-repos/KinectGame_FB/Assets/Library/PackageCache/com.unity.ide.visualstudio@a99d56dec63f)
  Built-in packages:
    com.unity.modules.accessibility@1.0.0 (location: /home/sgarciav/git-repos/KinectGame_FB/Assets/Library/PackageCache/com.unity.modules.accessibility)
    com.unity.modules.adaptiveperformance@1.0.0 (location: /home/sgarciav/git-repos/KinectGame_FB/Assets/Library/PackageCache/com.unity.modules.adaptiveperformance)
    com.unity.modules.ai@1.0.0 (location: /home/sgarciav/git-repos/KinectGame_FB/Assets/Library/PackageCache/com.unity.modules.ai)
    com.unity.modules.androidjni@1.0.0 (location: /home/sgarciav/git-repos/KinectGame_FB/Assets/Library/PackageCache/com.unity.modules.androidjni)
    com.unity.modules.animation@1.0.0 (location: /home/sgarciav/git-repos/KinectGame_FB/Assets/Library/PackageCache/com.unity.modules.animation)
    com.unity.modules.assetbundle@1.0.0 (location: /home/sgarciav/git-repos/KinectGame_FB/Assets/Library/PackageCache/com.unity.modules.assetbundle)
    com.unity.modules.audio@1.0.0 (location: /home/sgarciav/git-repos/KinectGame_FB/Assets/Library/PackageCache/com.unity.modules.audio)
    com.unity.modules.cloth@1.0.0 (location: /home/sgarciav/git-repos/KinectGame_FB/Assets/Library/PackageCache/com.unity.modules.cloth)
    com.unity.modules.director@1.0.0 (location: /home/sgarciav/git-repos/KinectGame_FB/Assets/Library/PackageCache/com.unity.modules.director)
    com.unity.modules.imageconversion@1.0.0 (location: /home/sgarciav/git-repos/KinectGame_FB/Assets/Library/PackageCache/com.unity.modules.imageconversion)
    com.unity.modules.imgui@1.0.0 (location: /home/sgarciav/git-repos/KinectGame_FB/Assets/Library/PackageCache/com.unity.modules.imgui)
    com.unity.modules.jsonserialize@1.0.0 (location: /home/sgarciav/git-repos/KinectGame_FB/Assets/Library/PackageCache/com.unity.modules.jsonserialize)
    com.unity.modules.particlesystem@1.0.0 (location: /home/sgarciav/git-repos/KinectGame_FB/Assets/Library/PackageCache/com.unity.modules.particlesystem)
    com.unity.modules.physics@1.0.0 (location: /home/sgarciav/git-repos/KinectGame_FB/Assets/Library/PackageCache/com.unity.modules.physics)
    com.unity.modules.physics2d@1.0.0 (location: /home/sgarciav/git-repos/KinectGame_FB/Assets/Library/PackageCache/com.unity.modules.physics2d)
    com.unity.modules.physicscore2d@1.0.0 (location: /home/sgarciav/git-repos/KinectGame_FB/Assets/Library/PackageCache/com.unity.modules.physicscore2d)
    com.unity.modules.screencapture@1.0.0 (location: /home/sgarciav/git-repos/KinectGame_FB/Assets/Library/PackageCache/com.unity.modules.screencapture)
    com.unity.modules.terrain@1.0.0 (location: /home/sgarciav/git-repos/KinectGame_FB/Assets/Library/PackageCache/com.unity.modules.terrain)
    com.unity.modules.terrainphysics@1.0.0 (location: /home/sgarciav/git-repos/KinectGame_FB/Assets/Library/PackageCache/com.unity.modules.terrainphysics)
    com.unity.modules.tetgen@1.0.0 (location: /home/sgarciav/git-repos/KinectGame_FB/Assets/Library/PackageCache/com.unity.modules.tetgen)
    com.unity.modules.tilemap@1.0.0 (location: /home/sgarciav/git-repos/KinectGame_FB/Assets/Library/PackageCache/com.unity.modules.tilemap)
    com.unity.modules.timelinefoundation@1.0.0 (location: /home/sgarciav/git-repos/KinectGame_FB/Assets/Library/PackageCache/com.unity.modules.timelinefoundation)
    com.unity.modules.ui@1.0.0 (location: /home/sgarciav/git-repos/KinectGame_FB/Assets/Library/PackageCache/com.unity.modules.ui)
    com.unity.modules.uielements@1.0.0 (location: /home/sgarciav/git-repos/KinectGame_FB/Assets/Library/PackageCache/com.unity.modules.uielements)
    com.unity.modules.umbra@1.0.0 (location: /home/sgarciav/git-repos/KinectGame_FB/Assets/Library/PackageCache/com.unity.modules.umbra)
    com.unity.modules.unityanalytics@1.0.0 (location: /home/sgarciav/git-repos/KinectGame_FB/Assets/Library/PackageCache/com.unity.modules.unityanalytics)
    com.unity.modules.unitywebrequest@1.0.0 (location: /home/sgarciav/git-repos/KinectGame_FB/Assets/Library/PackageCache/com.unity.modules.unitywebrequest)
    com.unity.modules.unitywebrequestassetbundle@1.0.0 (location: /home/sgarciav/git-repos/KinectGame_FB/Assets/Library/PackageCache/com.unity.modules.unitywebrequestassetbundle)
    com.unity.modules.unitywebrequestaudio@1.0.0 (location: /home/sgarciav/git-repos/KinectGame_FB/Assets/Library/PackageCache/com.unity.modules.unitywebrequestaudio)
    com.unity.modules.unitywebrequesttexture@1.0.0 (location: /home/sgarciav/git-repos/KinectGame_FB/Assets/Library/PackageCache/com.unity.modules.unitywebrequesttexture)
    com.unity.modules.unitywebrequestwww@1.0.0 (location: /home/sgarciav/git-repos/KinectGame_FB/Assets/Library/PackageCache/com.unity.modules.unitywebrequestwww)
    com.unity.modules.vectorgraphics@1.0.0 (location: /home/sgarciav/git-repos/KinectGame_FB/Assets/Library/PackageCache/com.unity.modules.vectorgraphics)
    com.unity.modules.vehicles@1.0.0 (location: /home/sgarciav/git-repos/KinectGame_FB/Assets/Library/PackageCache/com.unity.modules.vehicles)
    com.unity.modules.video@1.0.0 (location: /home/sgarciav/git-repos/KinectGame_FB/Assets/Library/PackageCache/com.unity.modules.video)
    com.unity.modules.wind@1.0.0 (location: /home/sgarciav/git-repos/KinectGame_FB/Assets/Library/PackageCache/com.unity.modules.wind)
    com.unity.modules.xr@1.0.0 (location: /home/sgarciav/git-repos/KinectGame_FB/Assets/Library/PackageCache/com.unity.modules.xr)
    com.unity.modules.subsystems@1.0.0 (location: /home/sgarciav/git-repos/KinectGame_FB/Assets/Library/PackageCache/com.unity.modules.subsystems)
    com.unity.modules.hierarchycore@1.0.0 (location: /home/sgarciav/git-repos/KinectGame_FB/Assets/Library/PackageCache/com.unity.modules.hierarchycore)
    com.unity.test-framework@1.8.0 (location: /home/sgarciav/git-repos/KinectGame_FB/Assets/Library/PackageCache/com.unity.test-framework@33f8a1e9aefd)
    com.unity.ext.nunit@2.1.0 (location: /home/sgarciav/git-repos/KinectGame_FB/Assets/Library/PackageCache/com.unity.ext.nunit@508b95ff9afe)
[Subsystems] No new subsystems found in resolved package list.
[Package Manager] Done registering packages in 0.00 seconds
AcceleratorClientConnectionCallback - disconnected - :0
[API Updater] Processing imported assemblies took 137 ms (0/0 assembly(ies)).
Assembly Updater Post Process Assets time: 0.141022s
[ScriptCompilation] Requested script compilation because: Assembly Definition File(s) changed
[ScriptCompilation] Requested script compilation because: AssetDatabase observed changes in script compilation related files
Starting: /home/sgarciav/Unity/Hub/Editor/6000.6.3f1/Editor/Data/Tools/BuildPipeline/bee_backend --ipc --defer-dag-verification --dagfile="Library/Bee/2400b0aE.dag" --continue-on-failure --profile="Library/Bee/backend1.traceevents" ScriptAssemblies
WorkingDir: /home/sgarciav/git-repos/KinectGame_FB/Assets
ExitCode: 4 Duration: 0s39ms
[             ] Require frontend run.  Library/Bee/2400b0aE.dag couldn't be loaded
Starting: /home/sgarciav/Unity/Hub/Editor/6000.6.3f1/Editor/Data/DotNetSdk/dotnet "/home/sgarciav/Unity/Hub/Editor/6000.6.3f1/Editor/Data/Tools/BuildPipeline/ScriptCompilationBuildProgram.exe" "Library/Bee/2400b0aE.dag.json" "Library/Bee/2400b0aE-inputdata.json" "Library/Bee/buildprogram0.traceevents"
WorkingDir: /home/sgarciav/git-repos/KinectGame_FB/Assets
ExitCode: 0 Duration: 0s613ms
Starting: /home/sgarciav/Unity/Hub/Editor/6000.6.3f1/Editor/Data/Tools/BuildPipeline/bee_backend --ipc --defer-dag-verification --dagfile="Library/Bee/2400b0aE.dag" --continue-on-failure --dagfilejson="Library/Bee/2400b0aE.dag.json" --profile="Library/Bee/backend2.traceevents" ScriptAssemblies
WorkingDir: /home/sgarciav/git-repos/KinectGame_FB/Assets
ExitCode: 0 Duration: 4s986ms
Finished compiling graph: 201 nodes, 1078 flattened edges (1050 ToBuild, 8 ToUse), maximum node priority 41
[  1/198    0s] MovedFromExtractor Library/Bee/artifacts/mvdfrm/UnityEditor.SpriteMaskModule.dll_966674858EE9FDB7.mvfrm
[  2/198    0s] MovedFromExtractor Library/Bee/artifacts/mvdfrm/UnityEditor.SpriteShapeModule.dll_6E59B820A4FB9F4A.mvfrm
[  3/198    0s] MovedFromExtractor Library/Bee/artifacts/mvdfrm/UnityEditor.UIElementsSamplesModule.dll_C4759878935636BC.mvfrm
[  4/198    0s] MovedFromExtractor Library/Bee/artifacts/mvdfrm/UnityEditor.TextCoreFontEngineModule.dll_FC27FD50C1D86683.mvfrm
[  5/198    0s] MovedFromExtractor Library/Bee/artifacts/mvdfrm/UnityEditor.TilemapModule.dll_56303EA525E3A38C.mvfrm
[  6/198    0s] MovedFromExtractor Library/Bee/artifacts/mvdfrm/UnityEditor.U2DModule.dll_4A423ECF8128A6F5.mvfrm
[  7/198    0s] MovedFromExtractor Library/Bee/artifacts/mvdfrm/UnityEditor.SyntaxTreeModule.dll_52A33AC7B935E7C7.mvfrm
[  8/198    0s] MovedFromExtractor Library/Bee/artifacts/mvdfrm/UnityEditor.UIBuilderModule.dll_BADDBB714B265845.mvfrm
[  9/198    0s] MovedFromExtractor Library/Bee/artifacts/mvdfrm/UnityEditor.UnityConnectModule.dll_6F6CA0AFF18933DB.mvfrm
[ 10/198    0s] MovedFromExtractor Library/Bee/artifacts/mvdfrm/UnityEditor.VFXModule.dll_1E6993EC4B8C4696.mvfrm
[ 11/198    0s] MovedFromExtractor Library/Bee/artifacts/mvdfrm/UnityEditor.UIAutomationModule.dll_24D3822A69191781.mvfrm
[ 12/198    0s] MovedFromExtractor Library/Bee/artifacts/mvdfrm/UnityEditor.TreeModule.dll_31A35B15D50DC7E4.mvfrm
[ 13/198    0s] MovedFromExtractor Library/Bee/artifacts/mvdfrm/UnityEditor.UIToolkitAuthoringModule.dll_2F7E91DDE05EEA43.mvfrm
[ 14/198    0s] MovedFromExtractor Library/Bee/artifacts/mvdfrm/UnityEditor.SubstanceModule.dll_10349B2E6825B71E.mvfrm
[ 15/198    0s] MovedFromExtractor Library/Bee/artifacts/mvdfrm/UnityEditor.TerrainModule.dll_B733D7240E26C283.mvfrm
[ 16/198    0s] MovedFromExtractor Library/Bee/artifacts/mvdfrm/UnityEditor.TextRenderingModule.dll_55C61BCD54669B0D.mvfrm
[ 17/198    0s] MovedFromExtractor Library/Bee/artifacts/mvdfrm/UnityEditor.TextCoreTextEngineModule.dll_441033C2515C1FA1.mvfrm
[ 18/198    0s] MovedFromExtractor Library/Bee/artifacts/mvdfrm/UnityEditor.UIElementsModule.dll_05523C4F605E21C1.mvfrm
[ 19/198    0s] MovedFromExtractor Library/Bee/artifacts/mvdfrm/UnityEditor.UmbraModule.dll_2B1EB59189E349B7.mvfrm
[ 20/198    0s] MovedFromExtractor Library/Bee/artifacts/mvdfrm/Unity.Scripting.dll_DC50E8ACA269B0C3.mvfrm
[ 21/198    0s] MovedFromExtractor Library/Bee/artifacts/mvdfrm/UnityEditor.SketchUpModule.dll_D9AAC8AF2B97A47D.mvfrm
[ 22/198    0s] MovedFromExtractor Library/Bee/artifacts/mvdfrm/UnityEngine.ContentLoadModule.dll_F3D4B395D0161FB2.mvfrm
[ 23/198    0s] MovedFromExtractor Library/Bee/artifacts/mvdfrm/UnityEngine.CoreModule.dll_F7183959F54D9DD0.mvfrm
[ 24/198    0s] MovedFromExtractor Library/Bee/artifacts/mvdfrm/UnityEditor.TimelineFoundationModule.dll_FE6D7C5D5C2ACBBA.mvfrm
[ 25/198    0s] MovedFromExtractor Library/Bee/artifacts/mvdfrm/UnityEngine.DSPGraphModule.dll_F1FE0748D691B10E.mvfrm
[ 26/198    0s] MovedFromExtractor Library/Bee/artifacts/mvdfrm/UnityEngine.CrashReportingModule.dll_2F7B9F3D9D6CF368.mvfrm
[ 27/198    0s] MovedFromExtractor Library/Bee/artifacts/mvdfrm/UnityEngine.DirectorModule.dll_ECACA5DF6430DFED.mvfrm
[ 28/198    0s] MovedFromExtractor Library/Bee/artifacts/mvdfrm/UnityEngine.GIModule.dll_81595C1149AF8673.mvfrm
[ 29/198    0s] MovedFromExtractor Library/Bee/artifacts/mvdfrm/UnityEngine.GameCenterModule.dll_ADE86F3D6FBE8188.mvfrm
[ 30/198    0s] MovedFromExtractor Library/Bee/artifacts/mvdfrm/UnityEngine.AccessibilityModule.dll_3EC8652902801151.mvfrm
[ 31/198    0s] MovedFromExtractor Library/Bee/artifacts/mvdfrm/UnityEngine.AdaptivePerformanceModule.dll_1CA2DB1DDD0F487D.mvfrm
[ 32/198    0s] MovedFromExtractor Library/Bee/artifacts/mvdfrm/UnityEngine.AudioModule.dll_7676C5DD2E39CEE9.mvfrm
[ 33/198    0s] MovedFromExtractor Library/Bee/artifacts/mvdfrm/UnityEditor.dll_DA145AD61E8315E0.mvfrm
[ 34/198    0s] MovedFromExtractor Library/Bee/artifacts/mvdfrm/UnityEngine.AndroidJNIModule.dll_839B2522A97D9097.mvfrm
[ 35/198    0s] MovedFromExtractor Library/Bee/artifacts/mvdfrm/UnityEngine.ClothModule.dll_DD5F22D80856ADCD.mvfrm
[ 36/198    0s] MovedFromExtractor Library/Bee/artifacts/mvdfrm/UnityEngine.AIModule.dll_E91D1303AE009E59.mvfrm
[ 37/198    0s] MovedFromExtractor Library/Bee/artifacts/mvdfrm/UnityEngine.AssetBundleModule.dll_5ABE5A55019377C5.mvfrm
[ 38/198    0s] MovedFromExtractor Library/Bee/artifacts/mvdfrm/UnityEngine.ClusterInputModule.dll_EF0915C5A31106A1.mvfrm
[ 39/198    0s] MovedFromExtractor Library/Bee/artifacts/mvdfrm/UnityEngine.AnimationModule.dll_34DA8A7DB2CAB3B7.mvfrm
[ 40/198    0s] MovedFromExtractor Library/Bee/artifacts/mvdfrm/UnityEditor.VectorGraphicsModule.dll_5EB0BD2381986134.mvfrm
[ 41/198    0s] MovedFromExtractor Library/Bee/artifacts/mvdfrm/UnityEngine.ClusterRendererModule.dll_9E27116CC2964CB0.mvfrm
[ 42/198    0s] MovedFromExtractor Library/Bee/artifacts/mvdfrm/UnityEditor.XRModule.dll_2BB3092BC9BF4310.mvfrm
[ 43/198    0s] MovedFromExtractor Library/Bee/artifacts/mvdfrm/UnityEditor.VideoModule.dll_D5538DE3BF4EB9E9.mvfrm
[ 44/198    0s] MovedFromExtractor Library/Bee/artifacts/mvdfrm/UnityEngine.BurstModule.dll_DF6EB735558FE6D3.mvfrm
[ 45/198    0s] MovedFromExtractor Library/Bee/artifacts/mvdfrm/UnityEditor.EditorToolbarModule.dll_E88388D4031D3F7C.mvfrm
[ 46/198    0s] MovedFromExtractor Library/Bee/artifacts/mvdfrm/UnityEditor.GenericRemoteModule.dll_4888C8DCEB2BB72B.mvfrm
[ 47/198    0s] MovedFromExtractor Library/Bee/artifacts/mvdfrm/UnityEditor.GIModule.dll_42EACA81DE3252A8.mvfrm
[ 48/198    0s] MovedFromExtractor Library/Bee/artifacts/mvdfrm/UnityEditor.GraphicsStateCollectionSerializerModule.dll_A39EDCCCCEAC2754.mvfrm
[ 49/198    0s] MovedFromExtractor Library/Bee/artifacts/mvdfrm/UnityEditor.DeviceSimulatorModule.dll_987A4EFB52DB3F2C.mvfrm
[ 50/198    0s] MovedFromExtractor Library/Bee/artifacts/mvdfrm/UnityEditor.BurstModule.dll_1941FAD12412B62E.mvfrm
[ 51/198    0s] MovedFromExtractor Library/Bee/artifacts/mvdfrm/UnityEditor.GraphViewModule.dll_66550E54D86DDF11.mvfrm
[ 52/198    0s] MovedFromExtractor Library/Bee/artifacts/mvdfrm/UnityEditor.AnimationWindowModule.dll_33DE42D388692FE2.mvfrm
[ 53/198    0s] MovedFromExtractor Library/Bee/artifacts/mvdfrm/UnityEditor.EmbreeModule.dll_2A0526A2D2F8918E.mvfrm
[ 54/198    0s] MovedFromExtractor Library/Bee/artifacts/mvdfrm/UnityEditor.BuildProfileModule.dll_74329339CCA54EC1.mvfrm
[ 55/198    0s] MovedFromExtractor Library/Bee/artifacts/mvdfrm/UnityEditor.ShaderPreprocessorModule.dll_1F0D06F3C001391A.mvfrm
[ 56/198    0s] MovedFromExtractor Library/Bee/artifacts/mvdfrm/UnityEditor.GraphToolkitModule.dll_900F77E4BD547D46.mvfrm
[ 57/198    0s] MovedFromExtractor Library/Bee/artifacts/mvdfrm/UnityEditor.DiagnosticsModule.dll_8BC5A6564655C67A.mvfrm
[ 58/198    0s] MovedFromExtractor Library/Bee/artifacts/mvdfrm/UnityEditor.ContentLoadModule.dll_EE0EE406BDDC0F2D.mvfrm
[ 59/198    0s] MovedFromExtractor Library/Bee/artifacts/mvdfrm/UnityEditor.ClothModule.dll_17326673D6D97D28.mvfrm
[ 60/198    0s] MovedFromExtractor Library/Bee/artifacts/mvdfrm/UnityEditor.AdaptivePerformanceModule.dll_5C134667A1C9F578.mvfrm
[ 61/198    0s] MovedFromExtractor Library/Bee/artifacts/mvdfrm/UnityEditor.AccessibilityModule.dll_B287730189878E2C.mvfrm
[ 62/198    0s] MovedFromExtractor Library/Bee/artifacts/mvdfrm/UnityEditor.AssetComplianceModule.dll_D1555EE9CD972359.mvfrm
[ 63/198    0s] MovedFromExtractor Library/Bee/artifacts/mvdfrm/UnityEditor.BuildAnalysisModule.dll_0AD0B0842B619648.mvfrm
[ 64/198    0s] MovedFromExtractor Library/Bee/artifacts/mvdfrm/UnityEditor.ShaderFoundryModule.dll_4B02C9D524B96642.mvfrm
[ 65/198    0s] MovedFromExtractor Library/Bee/artifacts/mvdfrm/UnityEditor.CoreBusinessMetricsModule.dll_DBFE3FE1C8112472.mvfrm
[ 66/198    0s] MovedFromExtractor Library/Bee/artifacts/mvdfrm/UnityEditor.ShaderCompilationModule.dll_D043FAF0765A2B8C.mvfrm
[ 67/198    0s] MovedFromExtractor Library/Bee/artifacts/mvdfrm/UnityEditor.ShaderBuildSettingsModule.dll_64398D1074C926BA.mvfrm
[ 68/198    0s] MovedFromExtractor Library/Bee/artifacts/mvdfrm/UnityEditor.AIModule.dll_AAAE817442836A8E.mvfrm
[ 69/198    0s] MovedFromExtractor Library/Bee/artifacts/mvdfrm/UnityEditor.SceneViewModule.dll_A504F15CCD90AC1F.mvfrm
[ 70/198    0s] MovedFromExtractor Library/Bee/artifacts/mvdfrm/UnityEditor.CoreModule.dll_D3F766074D4832A5.mvfrm
[ 71/198    0s] MovedFromExtractor Library/Bee/artifacts/mvdfrm/UnityEditor.PhysicsModule.dll_9CED5BB538687995.mvfrm
[ 72/198    0s] MovedFromExtractor Library/Bee/artifacts/mvdfrm/UnityEditor.PlayModeModule.dll_3789D5187F2F17CD.mvfrm
[ 73/198    0s] MovedFromExtractor Library/Bee/artifacts/mvdfrm/UnityEditor.QuickSearchModule.dll_16D527639F2CC2D3.mvfrm
[ 74/198    0s] MovedFromExtractor Library/Bee/artifacts/mvdfrm/UnityEditor.SceneTemplateModule.dll_0C22F9920209E9B4.mvfrm
[ 75/198    0s] MovedFromExtractor Library/Bee/artifacts/mvdfrm/UnityEditor.GridAndSnapModule.dll_957E8CD7C9BA8369.mvfrm
[ 76/198    0s] MovedFromExtractor Library/Bee/artifacts/mvdfrm/UnityEditor.ProjectAuditorModule.dll_121E3154442AB04B.mvfrm
[ 77/198    0s] MovedFromExtractor Library/Bee/artifacts/mvdfrm/UnityEditor.PropertiesModule.dll_DA754133E065CC79.mvfrm
[ 78/198    0s] MovedFromExtractor Library/Bee/artifacts/mvdfrm/UnityEditor.QuickInstallModule.dll_5311E1790E2BBCF4.mvfrm
[ 79/198    0s] MovedFromExtractor Library/Bee/artifacts/mvdfrm/UnityEditor.SafeModeModule.dll_F195E35EE0660866.mvfrm
[ 80/198    0s] MovedFromExtractor Library/Bee/artifacts/mvdfrm/UnityEditor.MultiplayerModule.dll_D4A0A752A820F4B8.mvfrm
[ 81/198    0s] MovedFromExtractor Library/Bee/artifacts/mvdfrm/UnityEditor.MediaModule.dll_7C0A230A7B0926D2.mvfrm
[ 82/198    0s] MovedFromExtractor Library/Bee/artifacts/mvdfrm/UnityEditor.PhysicsCore2DModule.dll_A04B4AACE82C8316.mvfrm
[ 83/198    0s] MovedFromExtractor Library/Bee/artifacts/mvdfrm/UnityEditor.Physics2DModule.dll_CB9A89856E47F967.mvfrm
[ 84/198    0s] MovedFromExtractor Library/Bee/artifacts/mvdfrm/UnityEngine.TerrainModule.dll_A9AE8FCE7335A9C8.mvfrm
[ 85/198    0s] MovedFromExtractor Library/Bee/artifacts/mvdfrm/UnityEditor.GridModule.dll_B16881F5659CC89C.mvfrm
[ 86/198    0s] WriteText Library/Bee/artifacts/2400b0aE.dag/UnityEngine.TestRunner.rsp2
[ 87/198    0s] WriteText Library/Bee/artifacts/2400b0aE.dag/UnityEngine.TestRunner.UnityAdditionalFile.txt
[ 88/198    0s] MovedFromExtractor Library/Bee/artifacts/mvdfrm/UnityEngine.TerrainPhysicsModule.dll_8308915D24C17983.mvfrm
[ 89/198    0s] MovedFromExtractor Library/Bee/artifacts/mvdfrm/UnityEditor.MathematicsModule.dll_7A0D389F63D15E74.mvfrm
[ 90/198    0s] MovedFromExtractor Library/Bee/artifacts/mvdfrm/UnityEditor.LightingModule.dll_EB9D5ADB3351D192.mvfrm
[ 91/198    0s] MovedFromExtractor Library/Bee/artifacts/mvdfrm/UnityEditor.HierarchyModule.dll_53C91530964D1DD3.mvfrm
[ 92/198    0s] MovedFromExtractor Library/Bee/artifacts/mvdfrm/UnityEngine.TilemapModule.dll_48AAF74F8AF28AD1.mvfrm
[ 93/198    0s] MovedFromExtractor Library/Bee/artifacts/mvdfrm/UnityEngine.TextRenderingModule.dll_E2070DF4CD5F1E32.mvfrm
[ 94/198    0s] MovedFromExtractor Library/Bee/artifacts/mvdfrm/UnityEngine.TextCoreTextEngineModule.dll_C26FAF156459DE6C.mvfrm
[ 95/198    0s] MovedFromExtractor Library/Bee/artifacts/mvdfrm/UnityEditor.PresetsUIModule.dll_21BB4736DAC63716.mvfrm
[ 96/198    0s] MovedFromExtractor Library/Bee/artifacts/mvdfrm/UnityEngine.TetgenModule.dll_7A051EA72D7599BE.mvfrm
[ 97/198    0s] MovedFromExtractor Library/Bee/artifacts/mvdfrm/UnityEngine.TextCoreFontEngineModule.dll_7A8778A3D4D6254E.mvfrm
[ 98/198    0s] MovedFromExtractor Library/Bee/artifacts/mvdfrm/UnityEngine.TimelineFoundationModule.dll_7CCCF7B06F288A85.mvfrm
[ 99/198    0s] MovedFromExtractor Library/Bee/artifacts/mvdfrm/UnityEngine.UIModule.dll_E490B1310A47A405.mvfrm
[100/198    0s] MovedFromExtractor Library/Bee/artifacts/mvdfrm/UnityEngine.UnityAnalyticsCommonModule.dll_D7846C8B4B7FA0ED.mvfrm
[101/198    0s] MovedFromExtractor Library/Bee/artifacts/mvdfrm/UnityEngine.UmbraModule.dll_F14B71F5BB607A5C.mvfrm
[102/198    0s] MovedFromExtractor Library/Bee/artifacts/mvdfrm/UnityEngine.UnityConnectModule.dll_5CCC24BEEC113486.mvfrm
[103/198    0s] MovedFromExtractor Library/Bee/artifacts/mvdfrm/UnityEngine.UnityAnalyticsModule.dll_A22D5953B7A5D0F2.mvfrm
[104/198    0s] MovedFromExtractor Library/Bee/artifacts/mvdfrm/UnityEngine.TLSModule.dll_A9AC9DD0E4CEEB2E.mvfrm
[105/198    0s] MovedFromExtractor Library/Bee/artifacts/mvdfrm/UnityEngine.U2DRuntimeModule.dll_D29E98F62FD17522.mvfrm
[106/198    0s] MovedFromExtractor Library/Bee/artifacts/mvdfrm/UnityEngine.XRModule.dll_6A219ABB353C76DB.mvfrm
[107/198    0s] MovedFromExtractor Library/Bee/artifacts/mvdfrm/UnityEngine.UnityConsentModule.dll_2E71BBEAF91BCAD6.mvfrm
[108/198    0s] MovedFromExtractor Library/Bee/artifacts/mvdfrm/UnityEngine.VideoModule.dll_9B804A47F0CBEA8E.mvfrm
[109/198    0s] MovedFromExtractor Library/Bee/artifacts/mvdfrm/UnityEngine.UnityWebRequestWWWModule.dll_8D31F47154199AD8.mvfrm
[110/198    0s] MovedFromExtractor Library/Bee/artifacts/mvdfrm/UnityEngine.dll_0CB8A1AE7CF6A2C5.mvfrm
[111/198    0s] MovedFromExtractor Library/Bee/artifacts/mvdfrm/UnityEngine.UIElementsModule.dll_0600A99762A23B0C.mvfrm
[112/198    0s] MovedFromExtractor Library/Bee/artifacts/mvdfrm/UnityEngine.VirtualTexturingModule.dll_0F50B48E44C4446E.mvfrm
[113/198    0s] MovedFromExtractor Library/Bee/artifacts/mvdfrm/UnityEngine.WindModule.dll_6D67148286841C39.mvfrm
[114/198    0s] MovedFromExtractor Library/Bee/artifacts/mvdfrm/UnityEngine.UnityWebRequestModule.dll_1BB816C74FAF9F23.mvfrm
[115/198    0s] MovedFromExtractor Library/Bee/artifacts/mvdfrm/UnityEngine.VectorGraphicsModule.dll_19D51EBE9D84F53F.mvfrm
[116/198    0s] MovedFromExtractor Library/Bee/artifacts/mvdfrm/UnityEngine.VFXModule.dll_2A8B363FBB3C549B.mvfrm
[117/198    0s] MovedFromExtractor Library/Bee/artifacts/mvdfrm/UnityEngine.GraphicsStateCollectionSerializerModule.dll_AC92A9BC9BAB70B9.mvfrm
[118/198    0s] MovedFromExtractor Library/Bee/artifacts/mvdfrm/UnityEngine.IMGUIModule.dll_AED66543F46B62CA.mvfrm
[119/198    0s] MovedFromExtractor Library/Bee/artifacts/mvdfrm/UnityEngine.HierarchyCoreModule.dll_B5E30203712D6A47.mvfrm
[120/198    0s] MovedFromExtractor Library/Bee/artifacts/mvdfrm/UnityEngine.UnityWebRequestTextureModule.dll_C6AE2CFB3D519DDC.mvfrm
[121/198    0s] MovedFromExtractor Library/Bee/artifacts/mvdfrm/UnityEngine.UnityWebRequestAudioModule.dll_B4420325B801CD27.mvfrm
[122/198    0s] MovedFromExtractor Library/Bee/artifacts/mvdfrm/UnityEngine.HotReloadModule.dll_B62348838DFDCF39.mvfrm
[123/198    0s] MovedFromExtractor Library/Bee/artifacts/mvdfrm/UnityEngine.ImageConversionModule.dll_0A190F1D44BB04A4.mvfrm
[124/198    0s] MovedFromExtractor Library/Bee/artifacts/mvdfrm/UnityEngine.IdentifiersModule.dll_3347E24AC40C45DD.mvfrm
[125/198    0s] MovedFromExtractor Library/Bee/artifacts/mvdfrm/UnityEngine.VehiclesModule.dll_646F9F5EDE5AAF88.mvfrm
[126/198    0s] MovedFromExtractor Library/Bee/artifacts/mvdfrm/UnityEngine.UnityWebRequestAssetBundleModule.dll_895D1F2B39AC5943.mvfrm
[127/198    0s] MovedFromExtractor Library/Bee/artifacts/mvdfrm/UnityEngine.UnityCurlModule.dll_67F72BAF22DEA5A4.mvfrm
[128/198    0s] MovedFromExtractor Library/Bee/artifacts/mvdfrm/UnityEngine.InputLegacyModule.dll_EC03757399852DB6.mvfrm
[129/198    0s] MovedFromExtractor Library/Bee/artifacts/mvdfrm/UnityEngine.InputModule.dll_DCEC8D8DA471F38D.mvfrm
[130/198    0s] MovedFromExtractor Library/Bee/artifacts/mvdfrm/UnityEngine.LocalizationModule.dll_2D55E0183A8CF99A.mvfrm
[131/198    0s] MovedFromExtractor Library/Bee/artifacts/mvdfrm/UnityEngine.ManagedKernelModule.dll_617E9DADF1B5405F.mvfrm
[132/198    0s] MovedFromExtractor Library/Bee/artifacts/mvdfrm/UnityEngine.ParticleSystemModule.dll_828DE88A0B7E7EF6.mvfrm
[133/198    0s] MovedFromExtractor Library/Bee/artifacts/mvdfrm/UnityEngine.SubsystemsModule.dll_01C2482F5F75FF15.mvfrm
[134/198    0s] MovedFromExtractor Library/Bee/artifacts/mvdfrm/UnityEngine.InputForUIModule.dll_B09AC956CFDF1E44.mvfrm
[135/198    0s] MovedFromExtractor Library/Bee/artifacts/mvdfrm/UnityEngine.JSONSerializeModule.dll_9EDFEE6501BB71DB.mvfrm
[136/198    0s] WriteText Library/Bee/artifacts/2400b0aE.dag/UnityEngine.TestRunner.dll.mvfrm.rsp
[137/198    0s] WriteText Library/Bee/artifacts/2400b0aE.dag/UnityEngine.TestRunner.rsp
[138/198    0s] MovedFromExtractor Library/Bee/artifacts/mvdfrm/UnityEngine.MarshallingModule.dll_0326F8E9E5BBA517.mvfrm
[139/198    0s] MovedFromExtractor Library/Bee/artifacts/mvdfrm/UnityEngine.SubstanceModule.dll_C61A8C174DA56903.mvfrm
[140/198    0s] MovedFromExtractor Library/Bee/artifacts/mvdfrm/UnityEngine.SpriteShapeModule.dll_741F87AFB735AFCF.mvfrm
[141/198    0s] MovedFromExtractor Library/Bee/artifacts/mvdfrm/UnityEngine.RuntimeInitializeOnLoadManagerInitializerModule.dll_5D2A01B89FB5B415.mvfrm
[142/198    0s] MovedFromExtractor Library/Bee/artifacts/mvdfrm/UnityEngine.MathematicsModule.dll_7FD3082E760B6EF9.mvfrm
[143/198    0s] MovedFromExtractor Library/Bee/artifacts/mvdfrm/UnityEngine.MultiplayerModule.dll_DA6676E1BA5B053D.mvfrm
[144/198    0s] MovedFromExtractor Library/Bee/artifacts/mvdfrm/UnityEngine.ShaderVariantAnalyticsModule.dll_87684AABE91DD957.mvfrm
[145/198    0s] MovedFromExtractor Library/Bee/artifacts/mvdfrm/UnityEngine.ScreenCaptureModule.dll_B8C79BEA16279E3D.mvfrm
[146/198    0s] WriteText Library/Bee/artifacts/2400b0aE.dag/UnityEditor.TestRunner.UnityAdditionalFile.txt
[147/198    0s] WriteText Library/Bee/artifacts/2400b0aE.dag/UnityEditor.TestRunner.rsp2
[148/198    0s] WriteText Library/Bee/artifacts/2400b0aE.dag/UnityEditor.TestRunner.dll.mvfrm.rsp
[149/198    0s] WriteText Library/Bee/artifacts/2400b0aE.dag/UnityEditor.TestRunner.rsp
[150/198    0s] WriteText Library/Bee/artifacts/2400b0aE.dag/Unity.VisualStudio.Editor.dll.mvfrm.rsp
[151/198    0s] WriteText Library/Bee/artifacts/2400b0aE.dag/Unity.VisualStudio.Editor.rsp2
[152/198    0s] WriteText Library/Bee/artifacts/2400b0aE.dag/Unity.VisualStudio.Editor.UnityAdditionalFile.txt
[153/198    0s] WriteText Library/Bee/artifacts/2400b0aE.dag/Unity.Rider.Editor.dll.mvfrm.rsp
[154/198    0s] WriteText Library/Bee/artifacts/2400b0aE.dag/Unity.Rider.Editor.rsp2
[155/198    0s] WriteText Library/Bee/artifacts/2400b0aE.dag/Unity.Rider.Editor.UnityAdditionalFile.txt
[156/198    0s] MovedFromExtractor Library/Bee/artifacts/mvdfrm/UnityEngine.RenderAs2DModule.dll_1C5B7101C2042FFB.mvfrm
[157/198    0s] WriteText Library/Bee/artifacts/2400b0aE.dag/Unity.VisualStudio.Editor.rsp
[158/198    0s] WriteText Library/Bee/artifacts/2400b0aE.dag/Unity.Rider.Editor.rsp
[159/198    0s] MovedFromExtractor Library/Bee/artifacts/mvdfrm/UnityEngine.StreamingModule.dll_E96F77CE02526AF5.mvfrm
[160/198    0s] MovedFromExtractor Library/Bee/artifacts/mvdfrm/UnityEngine.GridModule.dll_D48955480DA233C7.mvfrm
[161/198    0s] MovedFromExtractor Library/Bee/artifacts/mvdfrm/UnityEngine.PropertiesModule.dll_DB23AE7BE2A9E5C4.mvfrm
[162/198    0s] MovedFromExtractor Library/Bee/artifacts/mvdfrm/UnityEngine.SpriteMaskModule.dll_9714E1CD912E1702.mvfrm
[163/198    0s] MovedFromExtractor Library/Bee/artifacts/mvdfrm/UnityEngine.ScriptingModule.dll_4BFBE3443252626A.mvfrm
[164/198    0s] MovedFromExtractor Library/Bee/artifacts/mvdfrm/UnityEngine.PhysicsBackendPhysXModule.dll_F6B6C2AABFCB8B3C.mvfrm
[165/198    0s] ILPP-Configuration Library/ilpp-configuration.nevergeneratedoutput
[166/198    0s] MovedFromExtractor Library/Bee/artifacts/mvdfrm/UnityEngine.Physics2DModule.dll_81807A6E53C7AB4C.mvfrm
[167/198    0s] MovedFromExtractor Library/Bee/artifacts/mvdfrm/UnityEngine.ARModule.dll_A28FD8070B1DFD22.mvfrm
[168/198    0s] MovedFromExtractor Library/Bee/artifacts/mvdfrm/UnityEditor.Graphs.dll_31936983F705D7D7.mvfrm
[169/198    0s] MovedFromExtractor Library/Bee/artifacts/mvdfrm/UnityEngine.PhysicsCore2DModule.dll_2C8C3CD46125063B.mvfrm
[170/198    0s] MovedFromExtractor Library/Bee/artifacts/mvdfrm/UnityEngine.PhysicsModule.dll_8F68145F9D7760DA.mvfrm
[171/198    0s] MovedFromExtractor Library/Bee/artifacts/mvdfrm/UnityEditor.WindowsStandalone.Extensions.dll_BEB23BD020F0664B.mvfrm
[172/198    0s] MovedFromExtractor Library/Bee/artifacts/mvdfrm/UnityEngine.PerformanceReportingModule.dll_3C45AF473197028F.mvfrm
[173/198    0s] MovedFromExtractor Library/Bee/artifacts/mvdfrm/UnityEngine.HierarchyModule.dll_09AF06197BCCCFB8.mvfrm
[174/198    0s] MovedFromExtractor Library/Bee/artifacts/mvdfrm/UnityEngine.InsightsModule.dll_86736E6FEEAE2F6C.mvfrm
[175/198    0s] MovedFromExtractor Library/Bee/artifacts/mvdfrm/UnityEngine.NVIDIAModule.dll_82163E8A3095AC3C.mvfrm
[176/198    0s] MovedFromExtractor Library/Bee/artifacts/mvdfrm/UnityEditor.LinuxStandalone.Extensions.dll_AD05717A7360A4BB.mvfrm
[177/198    0s] MovedFromExtractor Library/Bee/artifacts/mvdfrm/UnityEngine.AMDModule.dll_AB1CDA6BBD9E6FDB.mvfrm
[178/198    0s] MovedFromExtractor-Combine Library/Bee/artifacts/2400b0aE.dag/UnityEngine.TestRunner.dll.mvfrm
[           0s] Csc Library/Bee/artifacts/2400b0aE.dag/UnityEngine.TestRunner.dll (+2 others) [CacheMiss b585b6f6dfa425bb8b9eb60034714ef800000000000000000000000000000006]
[179/198    1s] Csc Library/Bee/artifacts/2400b0aE.dag/UnityEngine.TestRunner.dll (+2 others)
[           0s] Csc Library/Bee/artifacts/2400b0aE.dag/UnityEngine.TestRunner.dll (+2 others) [CacheWrite b585b6f6dfa425bb8b9eb60034714ef800000000000000000000000000000006]
[180/198    0s] MovedFromExtractor Library/Bee/artifacts/mvdfrm/UnityEngine.TestRunner.ref.dll_F1B32A9E2F71E054.mvfrm
[181/198    0s] MovedFromExtractor-Combine Library/Bee/artifacts/2400b0aE.dag/UnityEditor.TestRunner.dll.mvfrm
[182/198    0s] ILPostProcess Library/Bee/artifacts/2400b0aE.dag/post-processed/UnityEngine.TestRunner.dll (+pdb)
Processing assembly Library/Bee/artifacts/2400b0aE.dag/UnityEngine.TestRunner.dll, with 139 defines and 285 references
processors: zzzUnity.Burst.CodeGen.BurstILPostProcessor
1 processor(s) skipped this assembly
[183/198    0s] CopyFiles Library/ScriptAssemblies/UnityEngine.TestRunner.dll
[184/198    0s] CopyFiles Library/ScriptAssemblies/UnityEngine.TestRunner.pdb
[           0s] Csc Library/Bee/artifacts/2400b0aE.dag/UnityEditor.TestRunner.dll (+2 others) [CacheMiss b45f395dbbda07d94cc22ba24c116ff300000000000000000000000000000006]
[185/198    1s] Csc Library/Bee/artifacts/2400b0aE.dag/UnityEditor.TestRunner.dll (+2 others)
[           0s] Csc Library/Bee/artifacts/2400b0aE.dag/UnityEditor.TestRunner.dll (+2 others) [CacheWrite b45f395dbbda07d94cc22ba24c116ff300000000000000000000000000000006]
[186/198    0s] ILPostProcess Library/Bee/artifacts/2400b0aE.dag/post-processed/UnityEditor.TestRunner.dll (+pdb)
Processing assembly Library/Bee/artifacts/2400b0aE.dag/UnityEditor.TestRunner.dll, with 137 defines and 297 references
processors: zzzUnity.Burst.CodeGen.BurstILPostProcessor
1 processor(s) skipped this assembly
[187/198    0s] CopyFiles Library/ScriptAssemblies/UnityEditor.TestRunner.pdb
[188/198    0s] CopyFiles Library/ScriptAssemblies/UnityEditor.TestRunner.dll
[189/198    0s] MovedFromExtractor Library/Bee/artifacts/mvdfrm/UnityEditor.TestRunner.ref.dll_2594DFF003AE8269.mvfrm
[190/198    0s] MovedFromExtractor-Combine Library/Bee/artifacts/2400b0aE.dag/Unity.VisualStudio.Editor.dll.mvfrm
[191/198    0s] MovedFromExtractor-Combine Library/Bee/artifacts/2400b0aE.dag/Unity.Rider.Editor.dll.mvfrm
[           0s] Csc Library/Bee/artifacts/2400b0aE.dag/Unity.VisualStudio.Editor.dll (+2 others) [CacheMiss 7a856cce5f4c0e4b2371e5c6369d911800000000000000000000000000000006]
[           0s] Csc Library/Bee/artifacts/2400b0aE.dag/Unity.Rider.Editor.dll (+2 others) [CacheMiss 444abc5ea09f060f010c28b6bb4520bc00000000000000000000000000000006]
[192/198    0s] Csc Library/Bee/artifacts/2400b0aE.dag/Unity.Rider.Editor.dll (+2 others)
[           0s] Csc Library/Bee/artifacts/2400b0aE.dag/Unity.Rider.Editor.dll (+2 others) [CacheWrite 444abc5ea09f060f010c28b6bb4520bc00000000000000000000000000000006]
[193/198    0s] CopyFiles Library/ScriptAssemblies/Unity.Rider.Editor.pdb
[194/198    0s] CopyFiles Library/ScriptAssemblies/Unity.Rider.Editor.dll
[195/198    0s] Csc Library/Bee/artifacts/2400b0aE.dag/Unity.VisualStudio.Editor.dll (+2 others)
[           0s] Csc Library/Bee/artifacts/2400b0aE.dag/Unity.VisualStudio.Editor.dll (+2 others) [CacheWrite 7a856cce5f4c0e4b2371e5c6369d911800000000000000000000000000000006]
[196/198    0s] CopyFiles Library/ScriptAssemblies/Unity.VisualStudio.Editor.pdb
[197/198    0s] CopyFiles Library/ScriptAssemblies/Unity.VisualStudio.Editor.dll
*** Tundra build success (4.94 seconds), 197 items updated, 198 evaluated
AssetDatabase: script compilation time: 6.428390s
Begin MonoManager ReloadAssembly
Total cache size 184428208
Total cache size after purge 184428208, took 00:00:00.1993517
Importing 'GUID: 00000000000000001000000000000000 - Path: Assets' with importer (DefaultImporter)
Imported 'GUID: 00000000000000001000000000000000' -> (Import Result ID: '2740a6f043b2b326bdd7512375e96e57') in 0.028 seconds [static dependencies only]. Details - ImportResultOutputID=0bd79294e96b4d95e7775c04af3ef4c2 DependenciesID=5ddfff5767c8d340f2421f4cedfc88ba StaticDependenciesID=3cc2fb38edf9553804fe976b0521b786 
Importing 'GUID: 00000000000000002000000000000000 - Path: ProjectSettings/InputManager.asset' with importer (LibraryAssetImporter)
Imported 'GUID: 00000000000000002000000000000000' -> (Import Result ID: 'd54c3b22344f5659d8f1231ca12dc27f') in 0.001 seconds [static dependencies only]. Details - ImportResultOutputID=6ef5aadfef77827e2c23b904de4fe67c DependenciesID=230c3dc4decdcee345236da146e5ad56 StaticDependenciesID=121b9d84da6e41ec4ab375ad60d25101 
Importing 'GUID: 00000000000000003000000000000000 - Path: ProjectSettings/TagManager.asset' with importer (LibraryAssetImporter)
Imported 'GUID: 00000000000000003000000000000000' -> (Import Result ID: '1e6e7d057cd946b356f9e987cd4b07b3') in 0.001 seconds [static dependencies only]. Details - ImportResultOutputID=f000288eab4d423778547d37d97a06b9 DependenciesID=f89d6d1c173831a02b6d3e26ee30fc12 StaticDependenciesID=908d26d9b786a623216f2dbc8967611d 
Importing 'GUID: 00000000000000004000000000000000 - Path: ProjectSettings/ProjectSettings.asset' with importer (LibraryAssetImporter)
Imported 'GUID: 00000000000000004000000000000000' -> (Import Result ID: '6d8532a629161396e93a5bb22b6ca1da') in 0.001 seconds [static dependencies only]. Details - ImportResultOutputID=054c890a8f4b6dddbea933bc5e4b7df4 DependenciesID=9bf1f8411ab7f132bd930504baa52851 StaticDependenciesID=3a3c9b35dd9249c2b58564d637c93a6b 
Importing 'GUID: 00000000000000006000000000000000 - Path: ProjectSettings/AudioManager.asset' with importer (LibraryAssetImporter)
Imported 'GUID: 00000000000000006000000000000000' -> (Import Result ID: '0f7614d2b61231e66ee7f08dc4ae9926') in 0.000 seconds [static dependencies only]. Details - ImportResultOutputID=d41ed101cdcb18327994de285944fd39 DependenciesID=971e702b08573c691c2dabd97b908d9f StaticDependenciesID=78bf59eed39219d4e919165573f8eef1 
Importing 'GUID: 00000000000000007000000000000000 - Path: ProjectSettings/TimeManager.asset' with importer (LibraryAssetImporter)
Imported 'GUID: 00000000000000007000000000000000' -> (Import Result ID: '7e12a84cd7ab56012d9fa64ef2a5a4da') in 0.000 seconds [static dependencies only]. Details - ImportResultOutputID=888360dbe4cb337dfbc4897083ee474b DependenciesID=d13400a85efeabf30011f29052cf7157 StaticDependenciesID=9d73b30445d3b0990b0ddb8080a69504 
Importing 'GUID: 00000000000000008000000000000000 - Path: ProjectSettings/DynamicsManager.asset' with importer (LibraryAssetImporter)
Imported 'GUID: 00000000000000008000000000000000' -> (Import Result ID: '23ddf6fbe10c2b6b5e8bec0228f7ac7e') in 0.000 seconds [static dependencies only]. Details - ImportResultOutputID=f4e5ea74158efa9a7415a6abc5cfeedf DependenciesID=d4c306ea373454e2dcd748eabdb4077a StaticDependenciesID=426956d523914bf9eb4eac107536faaf 
Importing 'GUID: 00000000000000009000000000000000 - Path: ProjectSettings/QualitySettings.asset' with importer (LibraryAssetImporter)
Imported 'GUID: 00000000000000009000000000000000' -> (Import Result ID: 'cfacddb94c7f35942200be5b26936a31') in 0.000 seconds [static dependencies only]. Details - ImportResultOutputID=2a108b3da874f726c62fbe5f12be4a8a DependenciesID=ce94357f9d985fee94e420676a2fe093 StaticDependenciesID=5474af2cf0fa33f587753d1e75f2c1c8 
Importing 'GUID: 0000000000000000b000000000000000 - Path: ProjectSettings/EditorBuildSettings.asset' with importer (LibraryAssetImporter)
Imported 'GUID: 0000000000000000b000000000000000' -> (Import Result ID: '72e6454857aabd9625fb37b5d4ab19c5') in 0.000 seconds [static dependencies only]. Details - ImportResultOutputID=0a89a5c5f492143e0fa186859e17ba6f DependenciesID=770db2f2a6eea813e0a8c0ff64b695e7 StaticDependenciesID=581d8cc28ba5405024945b229dd04bca 
Importing 'GUID: 0000000000000000c000000000000000 - Path: ProjectSettings/EditorSettings.asset' with importer (LibraryAssetImporter)
Imported 'GUID: 0000000000000000c000000000000000' -> (Import Result ID: '8435f98651a3fc866bdd12eaa09909dc') in 0.000 seconds [static dependencies only]. Details - ImportResultOutputID=9bf1f3a6d7407228d033acb548d88253 DependenciesID=4d1e8d26a53d48b41a89967223cd65ff StaticDependenciesID=785b0a8cd4d7e7d48338244f4ce969ae 
Importing 'GUID: 00000000000000004100000000000000 - Path: ProjectSettings/NavMeshAreas.asset' with importer (LibraryAssetImporter)
Imported 'GUID: 00000000000000004100000000000000' -> (Import Result ID: '6d45cdfeb1bfb40d77eb18bc05170f5d') in 0.000 seconds [static dependencies only]. Details - ImportResultOutputID=431705ea786ba1fb0433b092fce391ed DependenciesID=006428ac89fa115e63b6f00fffd937e0 StaticDependenciesID=afafb33f82de12e3a954cd98f4797c04 
Importing 'GUID: 00000000000000005100000000000000 - Path: ProjectSettings/Physics2DSettings.asset' with importer (LibraryAssetImporter)
Imported 'GUID: 00000000000000005100000000000000' -> (Import Result ID: 'f1652250d9522d997e858e51811866b0') in 0.001 seconds [static dependencies only]. Details - ImportResultOutputID=d4b28e6b7b96fa6bea7060628c401421 DependenciesID=76eaecec6542fae294fadd0a55b77318 StaticDependenciesID=735d23946e78ba36e471289568abbbab 
Importing 'GUID: 00000000000000006100000000000000 - Path: ProjectSettings/GraphicsSettings.asset' with importer (LibraryAssetImporter)
Imported 'GUID: 00000000000000006100000000000000' -> (Import Result ID: '2b424917b86b4326efce30230a0e1dd7') in 0.000 seconds [static dependencies only]. Details - ImportResultOutputID=a2dcdb8bc9503711bc0f2e2d72cfd36c DependenciesID=4f961b59e9eb7b2ace1507aa2e1bf608 StaticDependenciesID=d1bf73f22f0167ad4cbee6a2cd781f18 
Importing 'GUID: 00000000000000007100000000000000 - Path: ProjectSettings/ClusterInputManager.asset' with importer (LibraryAssetImporter)
Imported 'GUID: 00000000000000007100000000000000' -> (Import Result ID: '8b2639835f617a8cc4a6d5700c2d349c') in 0.000 seconds [static dependencies only]. Details - ImportResultOutputID=588fc89fed83f51a5c1aa7c8db0cdfd8 DependenciesID=d1cf642007960b4b48fd712639d5e706 StaticDependenciesID=8551dfd6d84e41d9986952666a9ba359 
Importing 'GUID: 0000000000000000a100000000000000 - Path: ProjectSettings/UnityConnectSettings.asset' with importer (LibraryAssetImporter)
Imported 'GUID: 0000000000000000a100000000000000' -> (Import Result ID: 'b565bd3d8eb3f4c6401768ad054c044a') in 0.000 seconds [static dependencies only]. Details - ImportResultOutputID=a2c5944bc70168a38041609ba26dc022 DependenciesID=1df078de649543b06cff47dd6e37c19c StaticDependenciesID=b62be061353e764657891ceb3edf75d8 
Importing 'GUID: 0000000000000000b100000000000000 - Path: ProjectSettings/PresetManager.asset' with importer (LibraryAssetImporter)
Imported 'GUID: 0000000000000000b100000000000000' -> (Import Result ID: 'a96645bc3dfaaa3fd6624b6af3cbf7ad') in 0.000 seconds [static dependencies only]. Details - ImportResultOutputID=6bbf2909d22cca2bf12a4801b098b013 DependenciesID=21947c2b285f338af91358dbec501674 StaticDependenciesID=3deada782f54d913ad057dcb2a298072 
Importing 'GUID: 0000000000000000c100000000000000 - Path: ProjectSettings/VFXManager.asset' with importer (LibraryAssetImporter)
Imported 'GUID: 0000000000000000c100000000000000' -> (Import Result ID: '03eb0499df42a4a61a34c0d2fd54e7fc') in 0.000 seconds [static dependencies only]. Details - ImportResultOutputID=f89698b22875eebc454842245beb374c DependenciesID=1c60a66083b27041e66a3984e2648ca5 StaticDependenciesID=fb20715fce8835e3fbcdfece855d8c20 
Importing 'GUID: 0000000000000000d100000000000000 - Path: ProjectSettings/VersionControlSettings.asset' with importer (LibraryAssetImporter)
Imported 'GUID: 0000000000000000d100000000000000' -> (Import Result ID: '3e83132be3119f6d54f790f3f2e69c30') in 0.000 seconds [static dependencies only]. Details - ImportResultOutputID=fe7ea0ac71117227a6d09fba509747a9 DependenciesID=7d2bdc5d73a279af664e1fab02935448 StaticDependenciesID=84a73b2c199e7b6cd4d5a5a807690cd5 
Importing 'GUID: 0000000000000000f100000000000000 - Path: ProjectSettings/MemorySettings.asset' with importer (LibraryAssetImporter)
Imported 'GUID: 0000000000000000f100000000000000' -> (Import Result ID: '363ed5e7b1a76b0d9be70c126ddd68d6') in 0.000 seconds [static dependencies only]. Details - ImportResultOutputID=bc4e563a9c6fd2d5b4495e4db9c0cc0a DependenciesID=8d4957beda44c649eca15614de97dfbd StaticDependenciesID=a036f858cdc5b11b43d3059eda0534a1 
Importing 'GUID: 00000000000000000200000000000000 - Path: ProjectSettings/MultiplayerManager.asset' with importer (LibraryAssetImporter)
Imported 'GUID: 00000000000000000200000000000000' -> (Import Result ID: '333e9487201c67eebf53d6bf32ba5cdd') in 0.000 seconds [static dependencies only]. Details - ImportResultOutputID=0f99ec37a18b74b8746d5bfd6ca7ca98 DependenciesID=f4ea9893daa7c737bf136b994f0d93e3 StaticDependenciesID=62f4092d43bb367de83e94b1107c958a 
Importing 'GUID: 00000000000000001200000000000000 - Path: ProjectSettings/PhysicsCoreProjectSettings2D.asset' with importer (LibraryAssetImporter)
Imported 'GUID: 00000000000000001200000000000000' -> (Import Result ID: '990209b38044adfcfcf62e5b91ce1492') in 0.000 seconds [static dependencies only]. Details - ImportResultOutputID=fdcbf67861d1bc63eeeff8a918d0a8f1 DependenciesID=36b714542e13086a81b86f10149adff5 StaticDependenciesID=60cad0a1014b5338d21435bab7167415 
Importing 'GUID: 00000000000000002300000000000000 - Path: Library/BuildInstructions' with importer (DefaultImporter)
Imported 'GUID: 00000000000000002300000000000000' -> (Import Result ID: 'a80670de179e9c16064fd8e990e76876') in 0.001 seconds [static dependencies only]. Details - ImportResultOutputID=f125fbf11ce4ab979114dbed2f4fa98b DependenciesID=767c01dfc0924be3719004476dc4df22 StaticDependenciesID=e445e0bffc1e4a1d2bd6a79525da9468 
Importing 'GUID: a0cda88f8baa0529d1bb4ecb1162fe2c - Path: Packages/com.unity.test-framework' with importer (DefaultImporter)
Imported 'GUID: a0cda88f8baa0529d1bb4ecb1162fe2c' -> (Import Result ID: '0c28b96f245ba6b8a10e6d629578928b') in 0.001 seconds [static dependencies only]. Details - ImportResultOutputID=01d8515deec440f861b88d655ade5600 DependenciesID=75372e1fad9d2bfd139e2622e7347d60 StaticDependenciesID=8456ccfee708751be15a0fa5d6c2dd4b 
Importing 'GUID: c060426bfd6e82575228df6656368eaa - Path: Packages/com.unity.modules.imgui' with importer (DefaultImporter)
Imported 'GUID: c060426bfd6e82575228df6656368eaa' -> (Import Result ID: '682d49718337f9e8ad0c1953342b952a') in 0.000 seconds [static dependencies only]. Details - ImportResultOutputID=f5fc001a1ad129788ee2159d776db60d DependenciesID=6764ce33a9e0cede05d0ddf1e96d75b9 StaticDependenciesID=2e56775f807a7b7fbf419a5f33245a15 
Importing 'GUID: 1158e311a3101950348dcecb1bebc42d - Path: Packages/com.unity.modules.animation' with importer (DefaultImporter)
Imported 'GUID: 1158e311a3101950348dcecb1bebc42d' -> (Import Result ID: '1cb0286f7bb4c7d360b6caf15ede32b0') in 0.000 seconds [static dependencies only]. Details - ImportResultOutputID=97d562cce453a32c309d667bce4112d1 DependenciesID=52f4022a640f0eac7e51a897036d8e8d StaticDependenciesID=e943035d232a48aff280a6118f5ffaef 
Importing 'GUID: 515638b803bef8599dbd6d5c8bdaa53e - Path: Packages/com.unity.modules.xr' with importer (DefaultImporter)
Imported 'GUID: 515638b803bef8599dbd6d5c8bdaa53e' -> (Import Result ID: 'c863a302c93da23f9b787b182838053f') in 0.001 seconds [static dependencies only]. Details - ImportResultOutputID=4abc2d12d7cb863eccc06f40fa668046 DependenciesID=7cda08148d34c645c546687368e4e331 StaticDependenciesID=d7b74c9ab0bacc304e199bd48aac46ea 
Importing 'GUID: b219c86ce508e478367c0a46e1aa9fe4 - Path: Packages/com.unity.modules.assetbundle' with importer (DefaultImporter)
Imported 'GUID: b219c86ce508e478367c0a46e1aa9fe4' -> (Import Result ID: 'd579235fe42056f50dec7b5f78e8418d') in 0.001 seconds [static dependencies only]. Details - ImportResultOutputID=3b865eb0e861e2684118da921a42770f DependenciesID=b34e02bc9610c79a0e3caf9966c9109c StaticDependenciesID=c50e91621288bc046ceef15624b81bd8 
Importing 'GUID: 04c6898809c37620ac863cc2a5d7c4d0 - Path: Packages/com.unity.modules.vectorgraphics' with importer (DefaultImporter)
Imported 'GUID: 04c6898809c37620ac863cc2a5d7c4d0' -> (Import Result ID: 'd21bec1616e53d255574d9cd0201e3f9') in 0.001 seconds [static dependencies only]. Details - ImportResultOutputID=98c0b597d8afa397b819beb7a43f5fac DependenciesID=6667ea3006c4561dd0dfaf5412302ccf StaticDependenciesID=88905f6b6cdccd2cb95e2927cc1a3df1 
Importing 'GUID: 5469ef0820152a4ae45d400fdc4626e4 - Path: Packages/com.unity.modules.screencapture' with importer (DefaultImporter)
Imported 'GUID: 5469ef0820152a4ae45d400fdc4626e4' -> (Import Result ID: 'e0014a8d499b436e2e372ff968958bc9') in 0.001 seconds [static dependencies only]. Details - ImportResultOutputID=93e2e0095437a3f0b6c6f329c875f5e8 DependenciesID=836be4a1c8e0478ac67837d8b35ecfc4 StaticDependenciesID=9fea1899b8e13368a8f75cb958effa91 
Importing 'GUID: c4df1124e2787ee0c8d1a911de17ee73 - Path: Packages/com.unity.modules.cloth' with importer (DefaultImporter)
Imported 'GUID: c4df1124e2787ee0c8d1a911de17ee73' -> (Import Result ID: '90d1e803345d162d9893c4276810bdda') in 0.001 seconds [static dependencies only]. Details - ImportResultOutputID=0b75edd4713af0c60b6538f3fc21bbac DependenciesID=8e3da12c7bafcf02c47b26114c4da198 StaticDependenciesID=13465632f2451e2958f144130c30ea24 
Importing 'GUID: 25151ed74dce0c18857ead186416ac0c - Path: Packages/com.unity.modules.tetgen' with importer (DefaultImporter)
Imported 'GUID: 25151ed74dce0c18857ead186416ac0c' -> (Import Result ID: 'ad3d3ff065b099f3d3d989c01a95b76e') in 0.001 seconds [static dependencies only]. Details - ImportResultOutputID=7135452d37129296f8f5f522edc0cf0e DependenciesID=e34149d0dd79a755583c28b3d97cab01 StaticDependenciesID=fca226df487fba45a034e6c70bc853ff 
Importing 'GUID: 850c54ee0b9e1aa740b1c67792eb1f26 - Path: Packages/com.unity.modules.imageconversion' with importer (DefaultImporter)
Imported 'GUID: 850c54ee0b9e1aa740b1c67792eb1f26' -> (Import Result ID: 'af90ed7476409e3905a496d14f73b0b3') in 0.001 seconds [static dependencies only]. Details - ImportResultOutputID=25e734cd17db43fca0a5646b579b21a1 DependenciesID=90c0129b19f84391f2419c00975c86bf StaticDependenciesID=b48e8f51d07b36dd8eb41f52bf2ba024 
Importing 'GUID: 95f85adeda79e994f011eb2152cf4fc9 - Path: Packages/com.unity.modules.terrainphysics' with importer (DefaultImporter)
Imported 'GUID: 95f85adeda79e994f011eb2152cf4fc9' -> (Import Result ID: 'a2645d29d8b6e7ce765b0a71c8fde07a') in 0.001 seconds [static dependencies only]. Details - ImportResultOutputID=2de9e307301bed78f620e1b3216ab46d DependenciesID=489c13d7d5dbf10040e5b19d47780b8f StaticDependenciesID=07ff05ffd577d0ee9d59cccee746e97e 
Importing 'GUID: c522a644a29fcab2eaf63298c118a65b - Path: Packages/com.unity.modules.unitywebrequest' with importer (DefaultImporter)
Imported 'GUID: c522a644a29fcab2eaf63298c118a65b' -> (Import Result ID: '35a749b2771ad0b4b5b34b5d03bd8927') in 0.001 seconds [static dependencies only]. Details - ImportResultOutputID=42d17fa5e199085b5ebf5fe43fc0c3d6 DependenciesID=ce37d507f238dcd94a9d3e589600c542 StaticDependenciesID=7efec60060c890ac0bae1bf9ffddf104 
Importing 'GUID: d5f0b0adc6826e9dd3b72e292e8438be - Path: Packages/com.unity.modules.unitywebrequestassetbundle' with importer (DefaultImporter)
Imported 'GUID: d5f0b0adc6826e9dd3b72e292e8438be' -> (Import Result ID: 'b0bf9ebd083072b9d2772ff760b138a0') in 0.001 seconds [static dependencies only]. Details - ImportResultOutputID=0d6659e8e2d823a2c3b0031d1bb70f46 DependenciesID=adc45c23fabcf57940d4f0557c73390d StaticDependenciesID=72ff8d7bce36ab98adec41c76a73ca55 
Importing 'GUID: 56b94a5b6990c879bb0f057719d1064b - Path: Packages/com.unity.modules.subsystems' with importer (DefaultImporter)
Imported 'GUID: 56b94a5b6990c879bb0f057719d1064b' -> (Import Result ID: '1e1cac68e3dc83406039b3e43f583f41') in 0.001 seconds [static dependencies only]. Details - ImportResultOutputID=591e9811461758a92a9a5eebd6cecb29 DependenciesID=5d1820edfdde2b2d4fabcc25ffb06c61 StaticDependenciesID=8646805af60443a28f57ca14888394d2 
Importing 'GUID: d6c6a000a805f00649b36b542e8426c2 - Path: Packages/com.unity.modules.unityanalytics' with importer (DefaultImporter)
Imported 'GUID: d6c6a000a805f00649b36b542e8426c2' -> (Import Result ID: 'fc2791e35f078eae4b236800632f7916') in 0.001 seconds [static dependencies only]. Details - ImportResultOutputID=404c94bd647a52d20e25d58febc853db DependenciesID=53973ece9e77b50e0b665c02b5f9cf61 StaticDependenciesID=07ccf3242da58ddd33f9f34377a02471 
Importing 'GUID: d6db7caf2e852b75ebb9c6098418179c - Path: Packages/com.unity.modules.physics' with importer (DefaultImporter)
Imported 'GUID: d6db7caf2e852b75ebb9c6098418179c' -> (Import Result ID: '9421eab3ec98d72e486581695fe386a6') in 0.001 seconds [static dependencies only]. Details - ImportResultOutputID=d99447c570abb9a9d540ac85d945527e DependenciesID=1576c1ebbc2e43cb8cd783a66da88e02 StaticDependenciesID=439d4caa592175ac26fb77639f400716 
Importing 'GUID: 376c84ea405e0f2b80562c23bb977216 - Path: Packages/com.unity.modules.physics2d' with importer (DefaultImporter)
Imported 'GUID: 376c84ea405e0f2b80562c23bb977216' -> (Import Result ID: '46fcc1a3300c8fe45a973eefc3817c4d') in 0.001 seconds [static dependencies only]. Details - ImportResultOutputID=76abd9b5f9d9723c46af1bb476315b64 DependenciesID=c7cdb6995e1fd6f8bb262dc47a15263a StaticDependenciesID=9eb03461e036054c251ca5627068ed0b 
Importing 'GUID: 67d56a1dd5b77ab0f60760daa507b876 - Path: Packages/com.unity.ext.nunit' with importer (DefaultImporter)
Imported 'GUID: 67d56a1dd5b77ab0f60760daa507b876' -> (Import Result ID: '5102546ebcceb537826ac77daddf5da4') in 0.001 seconds [static dependencies only]. Details - ImportResultOutputID=8167442646180ee863f9d090f4a3d411 DependenciesID=c6fb934c062bbbdbdf75479555c13b79 StaticDependenciesID=069e688dfa2d12983d73d47e6c785e8d 
Importing 'GUID: b77b1ad9c05af0412725856c6c53b037 - Path: Packages/com.unity.modules.wind' with importer (DefaultImporter)
Imported 'GUID: b77b1ad9c05af0412725856c6c53b037' -> (Import Result ID: 'b022eb5c72de662c91deef513e2b9f9e') in 0.001 seconds [static dependencies only]. Details - ImportResultOutputID=0a486d2f85568b494a776277e829c892 DependenciesID=0b0cf31f8861a80454670ca002b592f5 StaticDependenciesID=d099c1903e87c349148c1cd2a049849c 
Importing 'GUID: 2808ba6bccb2478ec9c7209d8bf1f3cc - Path: Packages/com.unity.modules.uielements' with importer (DefaultImporter)
Imported 'GUID: 2808ba6bccb2478ec9c7209d8bf1f3cc' -> (Import Result ID: '153312f574ed1d0674a499dcf69f6e2e') in 0.001 seconds [static dependencies only]. Details - ImportResultOutputID=12cb061fd9999a181bc535c6b37ba619 DependenciesID=3775b7c3743238b3a9049dc6ee9ac479 StaticDependenciesID=c9f81fd34bb8d67e782b0e178c6451fc 
Importing 'GUID: 38e3a8976f0b9c586b6dfbcef4e4066c - Path: Packages/com.unity.modules.unitywebrequestaudio' with importer (DefaultImporter)
Imported 'GUID: 38e3a8976f0b9c586b6dfbcef4e4066c' -> (Import Result ID: 'c619ed6d867c9697591f0aa25aa34bdb') in 0.001 seconds [static dependencies only]. Details - ImportResultOutputID=d1f3114c05e2cb5c6a5bb7e50160fe1d DependenciesID=20f019fc40094542b06406247fc1855f StaticDependenciesID=7ccd079c63a61d87ddc0234b9358de49 
Importing 'GUID: 48b10b41f58d5b49717f376cda59eeb8 - Path: Packages/com.unity.modules.particlesystem' with importer (DefaultImporter)
Imported 'GUID: 48b10b41f58d5b49717f376cda59eeb8' -> (Import Result ID: 'bd6c81b6eb8c41828acf5ad24d7db931') in 0.001 seconds [static dependencies only]. Details - ImportResultOutputID=6f138f103c8fc43882742e06d06ccf40 DependenciesID=48ae7ef00f9ac721edcdfad9583a1295 StaticDependenciesID=cdb9aa2fff4a61118cb0122aeb860ec7 
Importing 'GUID: 783ee1c8fd4414848db1be97aacf44fb - Path: Packages/com.unity.modules.accessibility' with importer (DefaultImporter)
Imported 'GUID: 783ee1c8fd4414848db1be97aacf44fb' -> (Import Result ID: 'd97fd9100026c83b7eab6442b35a6dfe') in 0.001 seconds [static dependencies only]. Details - ImportResultOutputID=b1a6fb629863cf49412e01a1187bce30 DependenciesID=ab378ab1f895b7da7c274adfb847146d StaticDependenciesID=1820134102485c8dcf06b8f28d566909 
Importing 'GUID: 09e28640d754a611467eebfb261ed749 - Path: Packages/com.unity.modules.tilemap' with importer (DefaultImporter)
Imported 'GUID: 09e28640d754a611467eebfb261ed749' -> (Import Result ID: '91f01c3ec1303f55e7d4d2c1a39ad2ff') in 0.001 seconds [static dependencies only]. Details - ImportResultOutputID=1afeb32cfcaea483a8ff5041a15448c3 DependenciesID=2d2742a7c503aead8d80bb8a9db947f7 StaticDependenciesID=021b3676001985a689c476087d878f4b 
Importing 'GUID: 39728903e57c60021f80449a8bbc0096 - Path: Packages/com.unity.modules.ui' with importer (DefaultImporter)
Imported 'GUID: 39728903e57c60021f80449a8bbc0096' -> (Import Result ID: 'e4a206413ae403e264c1310773f95923') in 0.001 seconds [static dependencies only]. Details - ImportResultOutputID=b3a99ae549e12123977db11a77fa6dc8 DependenciesID=29c98a9193e31f636bb291b540413632 StaticDependenciesID=64b148cd46a70c82ade3f7e7b5c1a3d8 
Importing 'GUID: 995c08a3305ff9f0dab5e86f340bd9a7 - Path: Packages/com.unity.modules.androidjni' with importer (DefaultImporter)
Imported 'GUID: 995c08a3305ff9f0dab5e86f340bd9a7' -> (Import Result ID: '8d9fec0caa5ce7e5f68a6ab541c3002d') in 0.001 seconds [static dependencies only]. Details - ImportResultOutputID=41e43b0974a24d3349dec4b773ad496c DependenciesID=90c06ce69692aae6d8a89fd575a47967 StaticDependenciesID=42ecc5ca78b6c08022d64898942ebc42 
Importing 'GUID: b975297a992381c1f3257d0e96892c8a - Path: Packages/com.unity.modules.adaptiveperformance' with importer (DefaultImporter)
Imported 'GUID: b975297a992381c1f3257d0e96892c8a' -> (Import Result ID: '5dd5375c68fa3e6abf2dd2eab8f3129b') in 0.001 seconds [static dependencies only]. Details - ImportResultOutputID=0cd6330dcea8a5bd6d28730f133919ed DependenciesID=0ff1fb351239dca6cd6b0fbaafdc6d08 StaticDependenciesID=992c185302a1e43be8290147a49a88b4 
Importing 'GUID: f9f63097209c6bab2b6e9dfd4032a134 - Path: Packages/com.unity.ide.rider' with importer (DefaultImporter)
Imported 'GUID: f9f63097209c6bab2b6e9dfd4032a134' -> (Import Result ID: 'eb59597365413c6de3d7289bc7fd30c2') in 0.001 seconds [static dependencies only]. Details - ImportResultOutputID=2d229295d81b5623fd2d00a33a952e80 DependenciesID=cef6e249dd830d3155389df75f36a654 StaticDependenciesID=29f2d8a37ef0c15c117534e2958d346c 
Importing 'GUID: cae78bb88f8c8675e30d16908805e79d - Path: Packages/com.unity.modules.timelinefoundation' with importer (DefaultImporter)
Imported 'GUID: cae78bb88f8c8675e30d16908805e79d' -> (Import Result ID: 'ea0e075dc8747fa2dad92aa60a98d1eb') in 0.001 seconds [static dependencies only]. Details - ImportResultOutputID=35905693e3216167cee053e3e1b8184e DependenciesID=8f823fd19bdbf3d450ef6f4a3159c9b1 StaticDependenciesID=b16c0b43e2d1595a5fdf54aaaf0e3f3e 
Importing 'GUID: 6b81377a4453ba7362eb3322f9bcc6c6 - Path: Packages/com.unity.modules.hierarchycore' with importer (DefaultImporter)
Imported 'GUID: 6b81377a4453ba7362eb3322f9bcc6c6' -> (Import Result ID: '8053c8d7db29af5fb0397e31dc86d875') in 0.001 seconds [static dependencies only]. Details - ImportResultOutputID=b0f4c945e5b6d2aa74b5842b405198e4 DependenciesID=c32b8cafebbc9f2d375525771f4ac028 StaticDependenciesID=49f6e71f33c0322e78878928ccd547ff 
Importing 'GUID: 1cf2469083ffa484da4d78dd70d708e8 - Path: Packages/com.unity.modules.vehicles' with importer (DefaultImporter)
Imported 'GUID: 1cf2469083ffa484da4d78dd70d708e8' -> (Import Result ID: '1fd876edd6f47d29c67cb20ce78b5deb') in 0.001 seconds [static dependencies only]. Details - ImportResultOutputID=d37813053da7924b8632088a8e5223e5 DependenciesID=bcdfeb2afe71922b0a0805d74914b039 StaticDependenciesID=7979be20ea7bbdb7a5df1132be287211 
Importing 'GUID: 9c7c268fa6492449654839df69f2a2f4 - Path: Packages/com.unity.modules.umbra' with importer (DefaultImporter)
Imported 'GUID: 9c7c268fa6492449654839df69f2a2f4' -> (Import Result ID: '00805290f3f96867e214b997460f75b1') in 0.001 seconds [static dependencies only]. Details - ImportResultOutputID=5992b0bcc1e4bb97278147d3456844ab DependenciesID=2d6c43174266d7992d49b52cac077ded StaticDependenciesID=8676463a2677bf46e4389aef917bc42c 
Importing 'GUID: dcc8c6e92b172a65719af5ddf47dd968 - Path: Packages/com.unity.modules.unitywebrequestwww' with importer (DefaultImporter)
Imported 'GUID: dcc8c6e92b172a65719af5ddf47dd968' -> (Import Result ID: '961b8fd983d26f856fd78b91f0db379c') in 0.001 seconds [static dependencies only]. Details - ImportResultOutputID=b884c6996f4168ec055a21bc3df6135a DependenciesID=dc4e5fb8a9d3128049bde219dbc5f1bc StaticDependenciesID=1629687512ed27ed8fceaf1d8e76b02a 
Importing 'GUID: fc3a810351931f5e6183e16b9beb5563 - Path: Packages/com.unity.modules.jsonserialize' with importer (DefaultImporter)
Imported 'GUID: fc3a810351931f5e6183e16b9beb5563' -> (Import Result ID: '4c717e052ed35040b01181b8aeeabdce') in 0.001 seconds [static dependencies only]. Details - ImportResultOutputID=3becf28e3d8c6fcaad27baf9eff49eb7 DependenciesID=848cd90e9b19286877089217404f8606 StaticDependenciesID=36176ea3334c5c247398aca84b71bb81 
Importing 'GUID: 2d142b475fbfb8cf12ba3a795194300a - Path: Packages/com.unity.modules.director' with importer (DefaultImporter)
Imported 'GUID: 2d142b475fbfb8cf12ba3a795194300a' -> (Import Result ID: '8cbf287d051a321e64fdde141fecf2a9') in 0.001 seconds [static dependencies only]. Details - ImportResultOutputID=8da594cb73801a0203564c7a50c97887 DependenciesID=d733690a82e2a88fcdc8788c20ac6bed StaticDependenciesID=05b9aad4695553017a56b0bac923cae0 
Importing 'GUID: 2d6ba5cbe47e6ad3c87474c56174d4e0 - Path: Packages/com.unity.modules.audio' with importer (DefaultImporter)
Imported 'GUID: 2d6ba5cbe47e6ad3c87474c56174d4e0' -> (Import Result ID: 'b5aa5d11b09542a046a40d1b9836ff98') in 0.001 seconds [static dependencies only]. Details - ImportResultOutputID=e6811b686232d75db22bc2980b93bbaf DependenciesID=6751c7af021b92ac82702bc31f5cbdd7 StaticDependenciesID=c2d0f4358e023c44cf92941866870ca5 
Importing 'GUID: ede0462698a4a5643aa9872c074acd38 - Path: Packages/com.unity.modules.video' with importer (DefaultImporter)
Imported 'GUID: ede0462698a4a5643aa9872c074acd38' -> (Import Result ID: '11a9afcfbe909c604b4f4fd82ecd1731') in 0.001 seconds [static dependencies only]. Details - ImportResultOutputID=4e6515b3bd000d511f10952ecb46d019 DependenciesID=477c840358a397b370a501c422ab8f88 StaticDependenciesID=c9d05cc66955a0337e7be42ba854ab1e 
Importing 'GUID: fd871a8be47119612f7c254e96a822b7 - Path: Packages/com.unity.modules.ai' with importer (DefaultImporter)
Imported 'GUID: fd871a8be47119612f7c254e96a822b7' -> (Import Result ID: 'ce9f38b6b386072a0eeb05375ff3d863') in 0.001 seconds [static dependencies only]. Details - ImportResultOutputID=d4f27eba869a1a6ac104a1eee199a73d DependenciesID=a8a5ee84d9e0581e502623006e97521a StaticDependenciesID=6b2e045850e0a09a7f1e8d35410f0745 
Importing 'GUID: 5e22a8d6e557a1b3cae09054b0b5f9d8 - Path: Packages/com.unity.modules.physicscore2d' with importer (DefaultImporter)
Imported 'GUID: 5e22a8d6e557a1b3cae09054b0b5f9d8' -> (Import Result ID: '07edaf449a0a9b117acb9569ab2afb59') in 0.001 seconds [static dependencies only]. Details - ImportResultOutputID=e63105581d85229110be56a07ce9b194 DependenciesID=e74a20b9f862d58818230d53b786679c StaticDependenciesID=1a6acdd98d030a9eaa3796880b97de04 
Importing 'GUID: 6e1c8b97ec8aa0464e92506ffe099558 - Path: Packages/com.unity.modules.terrain' with importer (DefaultImporter)
Imported 'GUID: 6e1c8b97ec8aa0464e92506ffe099558' -> (Import Result ID: '38b887e6118f5d6dc6049e7245ef2f24') in 0.001 seconds [static dependencies only]. Details - ImportResultOutputID=7bffbe27b3074ed188309356b499e191 DependenciesID=22a2d69e145aaf070736cfa33f430edc StaticDependenciesID=9a4538a6dce990dd143d6282d7852b90 
Importing 'GUID: 0fd4e399f8f08ad7d825c8afb134f255 - Path: Packages/com.unity.ide.visualstudio' with importer (DefaultImporter)
Imported 'GUID: 0fd4e399f8f08ad7d825c8afb134f255' -> (Import Result ID: '18e78c50a178140b49e76bc29674c034') in 0.001 seconds [static dependencies only]. Details - ImportResultOutputID=ec68da80d563fdf2b06a4a6e2331dfca DependenciesID=dc57245625133417ec457cea80e1e96c StaticDependenciesID=1137294c1d635dbdda6c27d40a5fd044 
Importing 'GUID: 6f1c7ebc8ac78cb951be24c238cbd3ba - Path: Packages/com.unity.modules.unitywebrequesttexture' with importer (DefaultImporter)
Imported 'GUID: 6f1c7ebc8ac78cb951be24c238cbd3ba' -> (Import Result ID: '79a048a2e3e1bd3fae7a4cc63054a6b4') in 0.001 seconds [static dependencies only]. Details - ImportResultOutputID=7447a1aeb827c07b00333d43bf3a2e88 DependenciesID=9eb4ba80cf14f0fa1e22c5c7582aabe4 StaticDependenciesID=09e96c195b29e1ab3fe8f0b9faadf68b 
Importing 'GUID: 9129183a42052cd43b9c284d6dbd541e - Path: Packages/com.unity.ide.rider/Rider' with importer (DefaultImporter)
Imported 'GUID: 9129183a42052cd43b9c284d6dbd541e' -> (Import Result ID: '2e064d669d36b5627aa5adccf43e47a4') in 0.001 seconds [static dependencies only]. Details - ImportResultOutputID=50472d7e4f09d234dadf221da2ac460d DependenciesID=3191c4b4598752bb64810f85d6aa4b8b StaticDependenciesID=d4c51cc78167c7a990c711e25f7fd519 
Importing 'GUID: 950890083f4907541a6ed06d70959e49 - Path: Packages/com.unity.test-framework/UnityEngine.TestRunner' with importer (DefaultImporter)
Imported 'GUID: 950890083f4907541a6ed06d70959e49' -> (Import Result ID: '5422a1785599eb93fb792bbdcb3f16e4') in 0.001 seconds [static dependencies only]. Details - ImportResultOutputID=f6c49cf3c78c1306a347777433ee6db0 DependenciesID=69756093b8a699b18ba8195d0d6da2f4 StaticDependenciesID=8c40e074cc82c029e468974f14c0d290 
Importing 'GUID: 95cdf27b47eb82747ba9e51f41e72a35 - Path: Packages/com.unity.test-framework/UnityEditor.TestRunner' with importer (DefaultImporter)
Imported 'GUID: 95cdf27b47eb82747ba9e51f41e72a35' -> (Import Result ID: '9e4eac3d4be80606c480ab59e98751a9') in 0.001 seconds [static dependencies only]. Details - ImportResultOutputID=a3e11e30e6d6e4421b35206823482237 DependenciesID=9d39b36edadc380c0691b334dbc1ecf9 StaticDependenciesID=f37ac8c8740d138a97ed3450c7fec262 
Importing 'GUID: a962d501f44484c37814dbad5ed605e9 - Path: Packages/com.unity.ext.nunit/net472' with importer (DefaultImporter)
Imported 'GUID: a962d501f44484c37814dbad5ed605e9' -> (Import Result ID: '76b77a009ad5fb72fd70a9115f27f3e1') in 0.001 seconds [static dependencies only]. Details - ImportResultOutputID=3914cdc36fc7f24719fb0ee236ca7348 DependenciesID=50e82c912778d96e34aad6ac493c2930 StaticDependenciesID=f6ddab29764b7085042006a521a63f66 
Importing 'GUID: 4a707af59e3522d43afe34dfc4429b86 - Path: Packages/com.unity.ide.visualstudio/Editor' with importer (DefaultImporter)
Imported 'GUID: 4a707af59e3522d43afe34dfc4429b86' -> (Import Result ID: '9160f5a97c59809f3030a1229da3fa24') in 0.001 seconds [static dependencies only]. Details - ImportResultOutputID=24776a91236061bdcd717ecc29c97f04 DependenciesID=9a93991a953e549808b4636841e7ff35 StaticDependenciesID=9dd1cf8e586c0381789cef366eb6190d 
Importing 'GUID: 936c6340f3468444ebb1785b4c311126 - Path: Packages/com.unity.test-framework/UnityEditor.TestRunner/UnityTestProtocol' with importer (DefaultImporter)
Imported 'GUID: 936c6340f3468444ebb1785b4c311126' -> (Import Result ID: 'bc6496cdfaaafc392525dad260097bbd') in 0.001 seconds [static dependencies only]. Details - ImportResultOutputID=4714ff5427e94daa5aeb958b917aaacd DependenciesID=68c48a8b26e684fc54274df37f409a1d StaticDependenciesID=3abb03fabfd47a992a93761f4f4661a5 
Importing 'GUID: b477d1f29b65a674e9d5cdab4eb72b01 - Path: Packages/com.unity.test-framework/UnityEditor.TestRunner/CommandLineTest' with importer (DefaultImporter)
Imported 'GUID: b477d1f29b65a674e9d5cdab4eb72b01' -> (Import Result ID: 'd4f41dd1b5c53711bf77823560bd1f48') in 0.001 seconds [static dependencies only]. Details - ImportResultOutputID=347f0b734e3646a40393a44e378409d9 DependenciesID=5a385367feb37e7adfec805d3698e690 StaticDependenciesID=d212bef65a570d87ab682ac28d49b4fb 
Importing 'GUID: 95b719082a664ea45bb56759eed1f271 - Path: Packages/com.unity.test-framework/UnityEditor.TestRunner/TestSettings' with importer (DefaultImporter)
Imported 'GUID: 95b719082a664ea45bb56759eed1f271' -> (Import Result ID: '72b019086dcd534785918cbf3b57c64f') in 0.001 seconds [static dependencies only]. Details - ImportResultOutputID=02d9a799a0d85b6973bb6a6373c4fead DependenciesID=31fc233335bf5e1f0be9b71318709999 StaticDependenciesID=2a106916a4c016b5d6904c3d6460f857 
Importing 'GUID: 36422aa067e092e45b9820da2ee3e728 - Path: Packages/com.unity.ide.visualstudio/Editor/COMIntegration' with importer (DefaultImporter)
Imported 'GUID: 36422aa067e092e45b9820da2ee3e728' -> (Import Result ID: '3b1a253a0ef9e29a3f9df6083bc0302f') in 0.001 seconds [static dependencies only]. Details - ImportResultOutputID=85d0ebfb69079172a613a7ccea043221 DependenciesID=1e057067367793670ee9288ef6ede92b StaticDependenciesID=2974e38a59ca99da3e9ca63d964f886d 
Importing 'GUID: 7602252bdb82b8d45ae3483c3a00d3e1 - Path: Packages/com.unity.test-framework/UnityEditor.TestRunner/CommandLineParser' with importer (DefaultImporter)
Imported 'GUID: 7602252bdb82b8d45ae3483c3a00d3e1' -> (Import Result ID: '93a5395bb7cdee65b531379cd6c81923') in 0.001 seconds [static dependencies only]. Details - ImportResultOutputID=8b32be5a03503677079543b7ee882ccf DependenciesID=a44a09122cb0442ac41988b7da877efe StaticDependenciesID=0b5346cd21362481afef2626785d3c15 
Importing 'GUID: d64d92e4f04a13e4b99ea8d48e9e8ae9 - Path: Packages/com.unity.test-framework/UnityEditor.TestRunner/TestLaunchers' with importer (DefaultImporter)
Imported 'GUID: d64d92e4f04a13e4b99ea8d48e9e8ae9' -> (Import Result ID: 'f4856e91216acb16e8b6e9ad33069d23') in 0.001 seconds [static dependencies only]. Details - ImportResultOutputID=0f426670ce7a7cceb4872b922e9dee57 DependenciesID=50699a0b77ed290de6117a82d53e12a5 StaticDependenciesID=e1285cc602019ab6fe506a55b63dfdb1 
Importing 'GUID: 27328db3447b143dcb24e8c854d86028 - Path: Packages/com.unity.ext.nunit/net472/unity-custom' with importer (DefaultImporter)
Imported 'GUID: 27328db3447b143dcb24e8c854d86028' -> (Import Result ID: 'b5ab5c67188a19e0e7b8c33b00b6b956') in 0.001 seconds [static dependencies only]. Details - ImportResultOutputID=82c9abbc1fbb1daf0b240097b4a4abfe DependenciesID=2e1008e3907f1d040d7f460144670c4e StaticDependenciesID=e56b63fc6cf556c84154d44bb4a47884 
Importing 'GUID: 8721cb2237d4a564a94a51f56243bdac - Path: Packages/com.unity.test-framework/UnityEditor.TestRunner/TestRun' with importer (DefaultImporter)
Imported 'GUID: 8721cb2237d4a564a94a51f56243bdac' -> (Import Result ID: '039e0bbb329fe273da60130338de6b1e') in 0.001 seconds [static dependencies only]. Details - ImportResultOutputID=58480bc6d005e3758bfde4d77153df39 DependenciesID=044a2bd9eb33b435c60b45186160234e StaticDependenciesID=73d66df1f085990d1620c5fcbc2657c2 
Importing 'GUID: 19e1940646874613a076c6b01d1f3404 - Path: Packages/com.unity.test-framework/UnityEngine.TestRunner/UnityTestProtocol' with importer (DefaultImporter)
Imported 'GUID: 19e1940646874613a076c6b01d1f3404' -> (Import Result ID: 'e6de84f02c0bc32e75825c10e2069170') in 0.001 seconds [static dependencies only]. Details - ImportResultOutputID=564e4130128747a5c27e3bad27675bac DependenciesID=97579bb077291f2f91b2d8123bca1b12 StaticDependenciesID=b0e91d08b8b4a14e23848696b6fde327 
Importing 'GUID: 49d4c2ab7ff0f4442af256bad7c9d57c - Path: Packages/com.unity.test-framework/UnityEditor.TestRunner/TestRunner' with importer (DefaultImporter)
Imported 'GUID: 49d4c2ab7ff0f4442af256bad7c9d57c' -> (Import Result ID: '3b6a37881959db84d7a13bd4d7b20906') in 0.000 seconds [static dependencies only]. Details - ImportResultOutputID=028738f72b967aadc745355a0db1ed21 DependenciesID=097ab4f26903bf71636188607bf34489 StaticDependenciesID=47c011eae69c4b9aa093137c60c03e01 
Importing 'GUID: 1ad55f5ad04d1d045a1f287409c650dd - Path: Packages/com.unity.test-framework/UnityEngine.TestRunner/Assertions' with importer (DefaultImporter)
Imported 'GUID: 1ad55f5ad04d1d045a1f287409c650dd' -> (Import Result ID: '3554f760e197c05a1e9f6edea9fb897f') in 0.000 seconds [static dependencies only]. Details - ImportResultOutputID=4c0e37bdbcd53fb0b4116fd07b4594e9 DependenciesID=31fd864d7e022271fcca4f33dbefbbd5 StaticDependenciesID=037f5d6358f904f2786adbe3a1d801a8 
Importing 'GUID: fa423365b1ce06a4dbdc6fb4a8597bfa - Path: Packages/com.unity.test-framework/UnityEditor.TestRunner/Api' with importer (DefaultImporter)
Imported 'GUID: fa423365b1ce06a4dbdc6fb4a8597bfa' -> (Import Result ID: 'dbfbf27d747c194eee4936790607ce29') in 0.000 seconds [static dependencies only]. Details - ImportResultOutputID=3400c6558f548137dc7e984347359bd4 DependenciesID=b48915f6884923c65f7b8b4b3df9498e StaticDependenciesID=88c4905adfd1852422700d60c17e70cc 
Importing 'GUID: 1b393f6b29a9ee84c803af1ab4944b71 - Path: Packages/com.unity.ide.rider/Rider/Editor' with importer (DefaultImporter)
Imported 'GUID: 1b393f6b29a9ee84c803af1ab4944b71' -> (Import Result ID: '5df02ca049d89592a08a1a0a48180574') in 0.000 seconds [static dependencies only]. Details - ImportResultOutputID=6404d4542db4a19d55be0b701dd56232 DependenciesID=9213b2146893a306da5c568d8fab4cad StaticDependenciesID=7f19df4ccd7b25dc56226111196ed53e 
Importing 'GUID: 5b17896803f77494da73d73448fb6cb4 - Path: Packages/com.unity.ide.visualstudio/Editor/VSWhere' with importer (DefaultImporter)
Imported 'GUID: 5b17896803f77494da73d73448fb6cb4' -> (Import Result ID: '143bee58c4cce7ade306607774a6852b') in 0.000 seconds [static dependencies only]. Details - ImportResultOutputID=1cf7fb2561004c647adace8a0b5653ca DependenciesID=b7c3ad5caeafb822cd72de2263338665 StaticDependenciesID=8237a88cf8f58b14a2743277c20550b2 
Importing 'GUID: 8beeeeebc0857854d8b4e2c2895dd7a9 - Path: Packages/com.unity.ide.visualstudio/Editor/ProjectGeneration' with importer (DefaultImporter)
Imported 'GUID: 8beeeeebc0857854d8b4e2c2895dd7a9' -> (Import Result ID: '3e6f8bb7ef7f056281851c4bfb2c16b7') in 0.000 seconds [static dependencies only]. Details - ImportResultOutputID=19476bca78a71c87b547269668469a1b DependenciesID=e83deaabaa0172e49d84fb854ce43b12 StaticDependenciesID=7998e75a53210e862e4f40ffb630f1a8 
Importing 'GUID: bb32bccaf32a6db448d1c0cc99c78688 - Path: Packages/com.unity.test-framework/UnityEngine.TestRunner/Utils' with importer (DefaultImporter)
Imported 'GUID: bb32bccaf32a6db448d1c0cc99c78688' -> (Import Result ID: '778d6fafd092faf1e4e447d286b8e510') in 0.001 seconds [static dependencies only]. Details - ImportResultOutputID=46ac5f2cd227e13d7fb6df825cd2ea50 DependenciesID=d8061a8d12c25a43b84f4d86987c14bc StaticDependenciesID=d87eba3967dc173242e1ddf947305376 
Importing 'GUID: 1ddb9e1c877ea80479d1eab4ddaa5d0d - Path: Packages/com.unity.test-framework/UnityEngine.TestRunner/TestRunner' with importer (DefaultImporter)
Imported 'GUID: 1ddb9e1c877ea80479d1eab4ddaa5d0d' -> (Import Result ID: '7cb28e1e4e053ac85024d6b11ee23160') in 0.000 seconds [static dependencies only]. Details - ImportResultOutputID=84f12ef647fa162d4cc59c2f40fa9628 DependenciesID=b865897e1b75dcdfe938b18f42a5ecd8 StaticDependenciesID=74f08a9236de2b622a38a15222ff2fca 
Importing 'GUID: 3e8d6af343b383544ba5743d119f4062 - Path: Packages/com.unity.test-framework/UnityEngine.TestRunner/NUnitExtensions' with importer (DefaultImporter)
Imported 'GUID: 3e8d6af343b383544ba5743d119f4062' -> (Import Result ID: '838754a3b9bac45900c76264dbf36d3b') in 0.001 seconds [static dependencies only]. Details - ImportResultOutputID=f440f787d15c91d58250f280c6e408ba DependenciesID=3b20f89763493bf2ddcd0b060c1fa398 StaticDependenciesID=b969db25c7e76855deff5f6a305ec9de 
Importing 'GUID: 7e609b27ad2caa14c83dd9951b6c13c6 - Path: Packages/com.unity.test-framework/UnityEditor.TestRunner/GUI' with importer (DefaultImporter)
Imported 'GUID: 7e609b27ad2caa14c83dd9951b6c13c6' -> (Import Result ID: '48cc79ebc3a223c2a65cb0d7e113b406') in 0.000 seconds [static dependencies only]. Details - ImportResultOutputID=585d2667eaec7b1f3006c3feff905559 DependenciesID=a975b03514b84f2a3509ed100bb86e01 StaticDependenciesID=ba43c6d6677d5b8217738954f3b6d7c0 
Importing 'GUID: 2f820130c86c28547a0f1a2f4c73155b - Path: Packages/com.unity.ide.visualstudio/Editor/Messaging' with importer (DefaultImporter)
Imported 'GUID: 2f820130c86c28547a0f1a2f4c73155b' -> (Import Result ID: '9bfe3dd238c50d1e61dd969f373f2c8e') in 0.000 seconds [static dependencies only]. Details - ImportResultOutputID=c45a401cc5981747f91a1ff2e38f121c DependenciesID=7bf208236210b78a4600eb690a406a2d StaticDependenciesID=e68d59c7587b00f056360c69e8664542 
Importing 'GUID: 3f9202a39620f51418046c7754f215f0 - Path: Packages/com.unity.test-framework/UnityEditor.TestRunner/NUnitExtension' with importer (DefaultImporter)
Imported 'GUID: 3f9202a39620f51418046c7754f215f0' -> (Import Result ID: '1dfe9f2a33cf29e475c1cbc57fc4fb79') in 0.000 seconds [static dependencies only]. Details - ImportResultOutputID=df0aeec2b80032db4d95957e68929fee DependenciesID=0d22005202c276945696db77edb880e5 StaticDependenciesID=a24519233740dde1b6bd4351bdee6d11 
Importing 'GUID: 7f9f1d015d7a8ba46b7d71acfcda3ae7 - Path: Packages/com.unity.ide.visualstudio/Editor/Testing' with importer (DefaultImporter)
Imported 'GUID: 7f9f1d015d7a8ba46b7d71acfcda3ae7' -> (Import Result ID: 'b275a8a6dad9d452b586f266fa079521') in 0.000 seconds [static dependencies only]. Details - ImportResultOutputID=caa53ea97327c51012e9b3b301943c08 DependenciesID=8d639890cea6683201ae932fe111d6dd StaticDependenciesID=1a004dc5a797cdf8d3cd33fe0ee21921 
Importing 'GUID: 313cbe17019f1934397f91069831062c - Path: Packages/com.unity.ide.rider/Rider/Editor/ProjectGeneration' with importer (DefaultImporter)
Imported 'GUID: 313cbe17019f1934397f91069831062c' -> (Import Result ID: '35a1a0c1b1d8bc3e404fc5f105eed090') in 0.000 seconds [static dependencies only]. Details - ImportResultOutputID=324b690d68ef3b5be851db48f0b8fe4d DependenciesID=e746e137ecacfe1a2b27b0194085396c StaticDependenciesID=9d5f2abd8e6ff78b98a96dd2e0b111fa 
Importing 'GUID: 41b2d972bdac29e4a89ef08b3b52c248 - Path: Packages/com.unity.ide.visualstudio/Editor/COMIntegration/Release' with importer (DefaultImporter)
Imported 'GUID: 41b2d972bdac29e4a89ef08b3b52c248' -> (Import Result ID: '159e1c55acdd024eded32060cd880a97') in 0.000 seconds [static dependencies only]. Details - ImportResultOutputID=0013f72f5d9292afc56921f8d95f3de4 DependenciesID=00be3dd411cd931443bdc704d43a0394 StaticDependenciesID=15e8b14a85890bc1844098e6928945d3 
Importing 'GUID: 51557afa652635743b264a309f0a5c60 - Path: Packages/com.unity.test-framework/UnityEngine.TestRunner/Utils/AssemblyProvider' with importer (DefaultImporter)
Imported 'GUID: 51557afa652635743b264a309f0a5c60' -> (Import Result ID: '68225cb59ed0cf5077855e3dfa458244') in 0.000 seconds [static dependencies only]. Details - ImportResultOutputID=aae0bb55646db009e1f7f7157a018046 DependenciesID=b9ef613e31a66b1117d0b2b4e2059e10 StaticDependenciesID=2c6e927cb9c29b42e44fe7d4204f5c8a 
Importing 'GUID: 61e236e8570a95e4eb754fb291e102e0 - Path: Packages/com.unity.test-framework/UnityEngine.TestRunner/TestRunner/Callbacks' with importer (DefaultImporter)
Imported 'GUID: 61e236e8570a95e4eb754fb291e102e0' -> (Import Result ID: '69c923fbfa5d766f81be287d4a69364f') in 0.000 seconds [static dependencies only]. Details - ImportResultOutputID=010b34c743dffb0b92a402bff30061ec DependenciesID=3ef576f474ced889f2d0fc90755b70c6 StaticDependenciesID=4afe08e4c46dd9413ee5e2f6e44ec139 
Importing 'GUID: 91c20d2c22b8b3a4cb6c816bd225591a - Path: Packages/com.unity.test-framework/UnityEngine.TestRunner/TestRunner/RemoteHelpers' with importer (DefaultImporter)
Imported 'GUID: 91c20d2c22b8b3a4cb6c816bd225591a' -> (Import Result ID: '433cd413b83911742fc3326a8cb2388f') in 0.000 seconds [static dependencies only]. Details - ImportResultOutputID=b8a70a515aeb955be46be9a19678602b DependenciesID=27568669a7b5195f24e8e9e88ed8aed4 StaticDependenciesID=413cb82dcabef59f88c5b20c1ac920dc 
Importing 'GUID: b1d8465ba1376b148bdab58965101f47 - Path: Packages/com.unity.test-framework/UnityEngine.TestRunner/Assertions/LogScope' with importer (DefaultImporter)
Imported 'GUID: b1d8465ba1376b148bdab58965101f47' -> (Import Result ID: 'f5e398f4f980a5cedd854c773294183e') in 0.000 seconds [static dependencies only]. Details - ImportResultOutputID=cfe24967e3ee89f88ab133ae2a3340fa DependenciesID=4a1727c31ca053fe971e8e954ffa9859 StaticDependenciesID=b32f92c1e618cc095ba0473085411441 
Importing 'GUID: 92e3104769da143888a712cdea27d950 - Path: Packages/com.unity.test-framework/UnityEditor.TestRunner/GUI/TestAssets' with importer (DefaultImporter)
Imported 'GUID: 92e3104769da143888a712cdea27d950' -> (Import Result ID: '8ca9427beb57db851babed76f10d4548') in 0.000 seconds [static dependencies only]. Details - ImportResultOutputID=a60e580633ddd7e9aeb69d2a0c5c5ac5 DependenciesID=fbdb0932a36e53b89bb57597b534e33a StaticDependenciesID=aa03ed7c9e5d9a2ea02c38a4a25ee766 
Importing 'GUID: a3cb89150b8a4060b89a32725a8e267e - Path: Packages/com.unity.test-framework/UnityEditor.TestRunner/TestLaunchers/Helpers' with importer (DefaultImporter)
Imported 'GUID: a3cb89150b8a4060b89a32725a8e267e' -> (Import Result ID: 'b8b1da36d1f720da249947bc879220be') in 0.000 seconds [static dependencies only]. Details - ImportResultOutputID=3a8c6eba4d7f092b7ed1ff660d319466 DependenciesID=f785ed3b1529e06ca6e5bb89a096a681 StaticDependenciesID=7b879475d571c7979ec7e6aa193d7c06 
Importing 'GUID: c3de99f9efc582a48995bc8e8c2df418 - Path: Packages/com.unity.test-framework/UnityEngine.TestRunner/NUnitExtensions/Filters' with importer (DefaultImporter)
Imported 'GUID: c3de99f9efc582a48995bc8e8c2df418' -> (Import Result ID: '0e80702b4d9ded36bbe570d55cc56851') in 0.001 seconds [static dependencies only]. Details - ImportResultOutputID=234091ee12a6235e1c446dc8d5c64995 DependenciesID=9bbfe5cc7541eef246f7e7fbef674a80 StaticDependenciesID=455f2ea52cd766aa56c0ddefdd99d0ec 
Importing 'GUID: 256a0ca37fa972840bce7fca446e75e7 - Path: Packages/com.unity.test-framework/UnityEngine.TestRunner/TestRunner/Messages' with importer (DefaultImporter)
Imported 'GUID: 256a0ca37fa972840bce7fca446e75e7' -> (Import Result ID: '7bcae04f6c3945569c41f4f5229c9d4f') in 0.000 seconds [static dependencies only]. Details - ImportResultOutputID=dc65fd1fb36d3e877da8d647c9615ee7 DependenciesID=466cb1d81a21950eddfede4a6178f036 StaticDependenciesID=58ea4bae6ff95fd723111203e83e160c 
Importing 'GUID: 354fde95fe0643b09509e5fcee350b33 - Path: Packages/com.unity.ide.rider/Rider/Editor/Properties' with importer (DefaultImporter)
Imported 'GUID: 354fde95fe0643b09509e5fcee350b33' -> (Import Result ID: '74192befde6bffb1b456b8772b8c1656') in 0.000 seconds [static dependencies only]. Details - ImportResultOutputID=8e710699f3929b88337795b4fd4f990b DependenciesID=c5b7345f4f373532154ffcb721b80b16 StaticDependenciesID=32af0358e0a69d9b15106fd34974ee9f 
Importing 'GUID: a52391bc44c477f40a547ed4ef3b9560 - Path: Packages/com.unity.ide.rider/Rider/Editor/UnitTesting' with importer (DefaultImporter)
Imported 'GUID: a52391bc44c477f40a547ed4ef3b9560' -> (Import Result ID: '61d1ff2cb4d6f840b158bfdf07bcbb7f') in 0.000 seconds [static dependencies only]. Details - ImportResultOutputID=1f5871c96c66444b71a7163aeb9720e2 DependenciesID=9855c5195b4d6d46d24cdd70cbdd6d9c StaticDependenciesID=23f3186aa4a7edf84f072463143d28f4 
Importing 'GUID: c5535d742ea2e4941850b421f9c70a1f - Path: Packages/com.unity.test-framework/UnityEditor.TestRunner/GUI/Views' with importer (DefaultImporter)
Imported 'GUID: c5535d742ea2e4941850b421f9c70a1f' -> (Import Result ID: '92d736dbeea37fb68ceaa1a856e9038e') in 0.000 seconds [static dependencies only]. Details - ImportResultOutputID=22ce32537e26210d1a653e5fc6871be4 DependenciesID=9694c183165a55a2bea5cfbeb4b21282 StaticDependenciesID=cad0687b818655094a83d7231c14b0ae 
Importing 'GUID: 3610673068254436ac90019f46e09f01 - Path: Packages/com.unity.test-framework/UnityEditor.TestRunner/UnityTestProtocol/Data' with importer (DefaultImporter)
Imported 'GUID: 3610673068254436ac90019f46e09f01' -> (Import Result ID: 'f857cdd756b38e8eb3357109f7f7bb6f') in 0.000 seconds [static dependencies only]. Details - ImportResultOutputID=0a0f0ff5161030eba44ba49c652cc478 DependenciesID=7cd7561bc749deb6f2371f903c9d7b22 StaticDependenciesID=516f853320de9a6a9bea252006543681 
Importing 'GUID: 96c503bf059df984c86eecf572370347 - Path: Packages/com.unity.test-framework/UnityEditor.TestRunner/NUnitExtension/Attributes' with importer (DefaultImporter)
Imported 'GUID: 96c503bf059df984c86eecf572370347' -> (Import Result ID: 'b1b742d80c2b40872a643e01a9e97f25') in 0.000 seconds [static dependencies only]. Details - ImportResultOutputID=5c43fe10b254eace1c0129df22455c2f DependenciesID=5b348591ae11e78dc2d73bb784c9b34f StaticDependenciesID=4275ad315acced407744bf376d75b745 
Importing 'GUID: 07ea0326ed848fb4489187cb58f96113 - Path: Packages/com.unity.test-framework/UnityEditor.TestRunner/GUI/TestListBuilder' with importer (DefaultImporter)
Imported 'GUID: 07ea0326ed848fb4489187cb58f96113' -> (Import Result ID: '42ce821e2c2f0f6ec4f1e128957e045f') in 0.000 seconds [static dependencies only]. Details - ImportResultOutputID=a6a29debcafeb668b0f2a71823ead8d0 DependenciesID=14e42c630ebbeb115b6e4754ff287bfa StaticDependenciesID=2f63606a496483c3e8e07c7fcef33667 
Importing 'GUID: 37888acc09d9ee848bf9559f06645c45 - Path: Packages/com.unity.test-framework/UnityEngine.TestRunner/NUnitExtensions/Runner' with importer (DefaultImporter)
Imported 'GUID: 37888acc09d9ee848bf9559f06645c45' -> (Import Result ID: '3cc5746261ceef3945219cd38fcd7100') in 0.000 seconds [static dependencies only]. Details - ImportResultOutputID=bd7484124a2c87b1945e427d6a01325b DependenciesID=e7a541f3b42c6b84105d4bdb3959f6ea StaticDependenciesID=830501f04ff9d2763481f7b86edd9e6c 
Importing 'GUID: 68cb547af0187634aad591a09c01cd5b - Path: Packages/com.unity.test-framework/UnityEditor.TestRunner/GUI/TestListTreeView' with importer (DefaultImporter)
Imported 'GUID: 68cb547af0187634aad591a09c01cd5b' -> (Import Result ID: 'a6f5f9466c65ad9b783fc4bf87bf9933') in 0.000 seconds [static dependencies only]. Details - ImportResultOutputID=d5ca04f15efb98a671802c6546970d44 DependenciesID=4e3a661a5c9c161ef4962ee0db52ef2f StaticDependenciesID=0c1166ed7bd3589d8cb7b68cd54ba7df 
Importing 'GUID: e88eef57957d4440c8a7ff2ef9dd3d97 - Path: Packages/com.unity.test-framework/UnityEditor.TestRunner/GUI/Controls' with importer (DefaultImporter)
Imported 'GUID: e88eef57957d4440c8a7ff2ef9dd3d97' -> (Import Result ID: '9523034730396c649db68ee3f2c5af6a') in 0.000 seconds [static dependencies only]. Details - ImportResultOutputID=a0ce75e2c602e931e5ecdcc124be13dd DependenciesID=54c438ce0c8559feb24078c99b287387 StaticDependenciesID=06a7b988240bac285a0579fa3147d19a 
Importing 'GUID: 4926c06156894939ba0a2680f1b0aa7a - Path: Packages/com.unity.test-framework/UnityEditor.TestRunner/TestRun/Data' with importer (DefaultImporter)
Imported 'GUID: 4926c06156894939ba0a2680f1b0aa7a' -> (Import Result ID: 'd7a923226ba5b4f3c823c7d01dfe0799') in 0.000 seconds [static dependencies only]. Details - ImportResultOutputID=a5a02383b86951746691789ea1770405 DependenciesID=2b08088ed382fbd88747626da51402ab StaticDependenciesID=90e5c7a10091a03d6068687c87bc2f92 
Importing 'GUID: 891bb6b9f5094c36b59c3788e21c8213 - Path: Packages/com.unity.test-framework/UnityEditor.TestRunner/Api/Analytics' with importer (DefaultImporter)
Imported 'GUID: 891bb6b9f5094c36b59c3788e21c8213' -> (Import Result ID: '1a1721a3ea4d67fe4ffe1aa3fdc3d1d9') in 0.000 seconds [static dependencies only]. Details - ImportResultOutputID=7998c9824c94ac0412eedd6830205f19 DependenciesID=01aa3ef6faa050dfabbc1409c1f36bb9 StaticDependenciesID=aa8c2cdb9eba597bc2c4b6bbd17dc081 
Importing 'GUID: d9682e749d3efc642af54d789d9090a6 - Path: Packages/com.unity.test-framework/UnityEditor.TestRunner/TestRunner/Messages' with importer (DefaultImporter)
Imported 'GUID: d9682e749d3efc642af54d789d9090a6' -> (Import Result ID: '60f80ab54161615f241eddac576265f7') in 0.000 seconds [static dependencies only]. Details - ImportResultOutputID=df1446cda33be1150fafeea045978830 DependenciesID=5f5730112a8aa021c5bac62a45f7a47d StaticDependenciesID=a3fe2d4eba02243492f56da00a6bf013 
Importing 'GUID: aa290bd9a165a0543a4bf85ac73914bc - Path: Packages/com.unity.ide.rider/Rider/Editor/PostProcessors' with importer (DefaultImporter)
Imported 'GUID: aa290bd9a165a0543a4bf85ac73914bc' -> (Import Result ID: '797e09e12c4f47fa0c8649b422a7d8ae') in 0.000 seconds [static dependencies only]. Details - ImportResultOutputID=7b631737181e97c6fe1ac014f4070871 DependenciesID=e3e9d8cd6f5642d3c3db3d024d0f48b1 StaticDependenciesID=2a4977cb781def96aeefbad9ea80e3de 
Importing 'GUID: 6b72875690e0f7343911e06af3145bd5 - Path: Packages/com.unity.test-framework/UnityEngine.TestRunner/NUnitExtensions/Commands' with importer (DefaultImporter)
Imported 'GUID: 6b72875690e0f7343911e06af3145bd5' -> (Import Result ID: '5fea1e9c0f6dfe9ca0d894cb771883f3') in 0.000 seconds [static dependencies only]. Details - ImportResultOutputID=331eca5ef0be679acabec48b795c7e00 DependenciesID=f0d635ce90a1aedaeb3da2345f602aed StaticDependenciesID=7b9a4cc92c06256e67fde56948b5329c 
Importing 'GUID: ebc4d20cc106cea49b1df1153f0b3b5e - Path: Packages/com.unity.test-framework/UnityEditor.TestRunner/TestLaunchers/PlatformSetup' with importer (DefaultImporter)
Imported 'GUID: ebc4d20cc106cea49b1df1153f0b3b5e' -> (Import Result ID: '0b2c9622a6ab524eaa0eaf7b5b62e966') in 0.000 seconds [static dependencies only]. Details - ImportResultOutputID=d7aab0e8ab0737fda991e7097b020464 DependenciesID=4a206faa86f6687e998ab53ded6dbf1d StaticDependenciesID=3f0440ca1e4d0071e34277f3c02e97d7 
Importing 'GUID: 0cb14878543cf3d4f8472b15f7ecf0e3 - Path: Packages/com.unity.test-framework/UnityEngine.TestRunner/NUnitExtensions/Attributes' with importer (DefaultImporter)
Imported 'GUID: 0cb14878543cf3d4f8472b15f7ecf0e3' -> (Import Result ID: '673adc8ccf738e9fb1111697011e3bbc') in 0.000 seconds [static dependencies only]. Details - ImportResultOutputID=07f161243d8ca7b2df7febccc66907be DependenciesID=286c430710e80e74de95127974b6991e StaticDependenciesID=18b873f16d526cbe8273032cc6f8a858 
Importing 'GUID: 5d7f0d6acfced954682a89e7002c04d9 - Path: Packages/com.unity.test-framework/UnityEditor.TestRunner/TestRunner/Callbacks' with importer (DefaultImporter)
Imported 'GUID: 5d7f0d6acfced954682a89e7002c04d9' -> (Import Result ID: '75945c8beba5dfb089a31467fbb8e60f') in 0.000 seconds [static dependencies only]. Details - ImportResultOutputID=c41748e0dad7446506b58e8595cfa6c8 DependenciesID=f4d13ad1d676690cb1b48b16f166fa7e StaticDependenciesID=6615522c8a21239cc0d07a6ddd8bbd70 
Importing 'GUID: 6dba53789da15814387fa5b1445e81e0 - Path: Packages/com.unity.test-framework/UnityEditor.TestRunner/TestRun/Tasks' with importer (DefaultImporter)
Imported 'GUID: 6dba53789da15814387fa5b1445e81e0' -> (Import Result ID: '4693b2876f7f79e4ade16eb7988cab89') in 0.000 seconds [static dependencies only]. Details - ImportResultOutputID=6db6dda383b549f157127f31279318c1 DependenciesID=8a5c587c19da8a7fff80aec7dca2df8f StaticDependenciesID=7d5c24122adf32e795b8fde176648bfc 
Importing 'GUID: 5e726086cd652f82087d59d67d2c24cd - Path: Packages/com.unity.ide.rider/Rider/Editor/Util' with importer (DefaultImporter)
Imported 'GUID: 5e726086cd652f82087d59d67d2c24cd' -> (Import Result ID: 'd9a2c189604f3067aa868cc3d5513752') in 0.001 seconds [static dependencies only]. Details - ImportResultOutputID=6a700186624845cc20e38a45be99c2bd DependenciesID=b77d2f6a95f6954f00d2bb3a34f16027 StaticDependenciesID=bc8e24751d5a2dbf19cd4a7598f5bbac 
Importing 'GUID: 9ea154c33fd8466f973f004e5c962df7 - Path: Packages/com.unity.test-framework/UnityEditor.TestRunner/UnityTestProtocol/Messages' with importer (DefaultImporter)
Imported 'GUID: 9ea154c33fd8466f973f004e5c962df7' -> (Import Result ID: '3c06af5ccd7d28c3a865fb05abc78032') in 0.000 seconds [static dependencies only]. Details - ImportResultOutputID=9a453184ef9fbc25fc23485e89c26cb5 DependenciesID=37b228f46d6e365aa3fad450fb7268ce StaticDependenciesID=5bd96380e171a357d874fcc46c5c735a 
Importing 'GUID: ce8da628f68c7594b8b9a597fa52db7b - Path: Packages/com.unity.test-framework/UnityEngine.TestRunner/Utils/MonoBehaviourTest' with importer (DefaultImporter)
Imported 'GUID: ce8da628f68c7594b8b9a597fa52db7b' -> (Import Result ID: 'e11e86b68385d2424fabc4528965ab8b') in 0.000 seconds [static dependencies only]. Details - ImportResultOutputID=2d38d279fcda641716a64a3285bed967 DependenciesID=aee11b902f17ee05813b32d5af577e6f StaticDependenciesID=e019915e66bf56c6a53c45eddcac8d59 
Importing 'GUID: 1f5bbb88ca730434483440cbc0278ef6 - Path: Packages/com.unity.test-framework/UnityEditor.TestRunner/TestRunner/Utils' with importer (DefaultImporter)
Imported 'GUID: 1f5bbb88ca730434483440cbc0278ef6' -> (Import Result ID: 'bf22c8a53b121bf6289726882ff4d503') in 0.000 seconds [static dependencies only]. Details - ImportResultOutputID=b54df974e33f3b29d71ca6f71b34a610 DependenciesID=062ab91bc526ba62f66a5bf0817556be StaticDependenciesID=19b4d525f46038ec3ab7a23ba103e34f 
Importing 'GUID: 94a6220ee1a442249702c9df66e0fe1b - Path: Packages/com.unity.test-framework/UnityEditor.TestRunner/TestRun/Tasks/Player' with importer (DefaultImporter)
Imported 'GUID: 94a6220ee1a442249702c9df66e0fe1b' -> (Import Result ID: 'd770dc91b03c058070d04366ecf4dd6e') in 0.000 seconds [static dependencies only]. Details - ImportResultOutputID=4ae38678e341ab45b845ef0774cc1b3a DependenciesID=9223a7d87db0eaf2680363bc305d2856 StaticDependenciesID=d9ba00218ec57b2766ad47f36e0b3adc 
Importing 'GUID: 692476ac695e7b74a8d9eabd48862009 - Path: Packages/com.unity.test-framework/UnityEditor.TestRunner/TestRun/Tasks/Scene' with importer (DefaultImporter)
Imported 'GUID: 692476ac695e7b74a8d9eabd48862009' -> (Import Result ID: '8ff00a17ebaeea938b99aa5831923237') in 0.000 seconds [static dependencies only]. Details - ImportResultOutputID=2fa50d94b5f40096b11b7fc28b64729b DependenciesID=0b2a318cceea9f9d9405ecac0dc50c0e StaticDependenciesID=5381480a0e84dfd6f5a89c03f22f5b1b 
Importing 'GUID: d973b7805df545bdae3986ab72a6c2e8 - Path: Packages/com.unity.test-framework/UnityEditor.TestRunner/TestRun/Tasks/Platform' with importer (DefaultImporter)
Imported 'GUID: d973b7805df545bdae3986ab72a6c2e8' -> (Import Result ID: 'ccf5f6cb0c94142ff5cb069da58f759e') in 0.000 seconds [static dependencies only]. Details - ImportResultOutputID=74075c018e7d223e4de2551f58488a13 DependenciesID=78547b4d998f1cb5819a271ee28b000b StaticDependenciesID=707e7f285309070aa29ff903091dabc0 
Importing 'GUID: cca5935142d6c754f9ecdce1294f7079 - Path: Packages/com.unity.test-framework/UnityEditor.TestRunner/TestRun/Tasks/Events' with importer (DefaultImporter)
Imported 'GUID: cca5935142d6c754f9ecdce1294f7079' -> (Import Result ID: 'e067f112d3f0ecc2a0a0b23a7e2dddb1') in 0.001 seconds [static dependencies only]. Details - ImportResultOutputID=681e739248ec06e77a33a1d1c904555d DependenciesID=2fab6b0b709562a258e8c669975596c7 StaticDependenciesID=708111177e6492723f70efccba692d9b 
Importing 'GUID: d528c8c98d269ca44a06cd9624a03945 - Path: Packages/com.unity.ide.rider/Rider/Editor/com.unity.ide.rider.asmdef' with importer (AssemblyDefinitionImporter)
Imported 'GUID: d528c8c98d269ca44a06cd9624a03945' -> (Import Result ID: '8726df5a2d3c1a083a4c848146226a5f') in 0.001 seconds [static dependencies only]. Details - ImportResultOutputID=912be29b09a856ab914d58bed46d9f41 DependenciesID=15fe68d1e72bade2cbe4e8644df25f00 StaticDependenciesID=4d25ba9e8f625be18cd10642c4596e8d 
Importing 'GUID: 27619889b8ba8c24980f49ee34dbb44a - Path: Packages/com.unity.test-framework/UnityEngine.TestRunner/UnityEngine.TestRunner.asmdef' with importer (AssemblyDefinitionImporter)
Imported 'GUID: 27619889b8ba8c24980f49ee34dbb44a' -> (Import Result ID: 'dde441411b61d7f243edd6bd86eaed2f') in 0.001 seconds [static dependencies only]. Details - ImportResultOutputID=3370b80e2922aa61095329e63cd7b568 DependenciesID=c378fe730506c60d98d3d2985f14dfea StaticDependenciesID=efd7b7b3471c17ad6b92a6854eb4dc18 
Importing 'GUID: b93f844d45cfcc44fa2b0eed5c9ec6bb - Path: Packages/com.unity.ide.visualstudio/Editor/com.unity.ide.visualstudio.asmdef' with importer (AssemblyDefinitionImporter)
Imported 'GUID: b93f844d45cfcc44fa2b0eed5c9ec6bb' -> (Import Result ID: 'be19451ec2b6434642ba6f13ecf5db51') in 0.000 seconds [static dependencies only]. Details - ImportResultOutputID=ce62f0aa69bd55563fb33cc2591980de DependenciesID=9e30368bdd707e6848801ccde70f1f5c StaticDependenciesID=b5401851f919dd14a700f6556c7ed0a3 
Importing 'GUID: 0acc523941302664db1f4e527237feb3 - Path: Packages/com.unity.test-framework/UnityEditor.TestRunner/UnityEditor.TestRunner.asmdef' with importer (AssemblyDefinitionImporter)
Imported 'GUID: 0acc523941302664db1f4e527237feb3' -> (Import Result ID: 'e2f348df875f6247245c2f700d815735') in 0.001 seconds [static dependencies only]. Details - ImportResultOutputID=666b13231f973a40371f8a88a79fd45e DependenciesID=612cc8c97fe328230cfa9ae0658786b9 StaticDependenciesID=bbf7215ccf291794fe8ed3b5ea133e60 
Importing 'GUID: 51fa60bb2bd1e5bc74e8cc95a7bfd5b7 - Path: Packages/com.unity.modules.ui/package.ModuleCompilationTrigger' with importer (DefaultImporter)
Imported 'GUID: 51fa60bb2bd1e5bc74e8cc95a7bfd5b7' -> (Import Result ID: '0e6c19f382af6f75a9394f69adf788bd') in 0.000 seconds [static dependencies only]. Details - ImportResultOutputID=6e559821e528ff0e1a68c3b7765614d2 DependenciesID=89d09727dde36d60bf3bc38270dcfe28 StaticDependenciesID=3c1226af24afdaaba5f6812b32e68603 
Importing 'GUID: 71136fc5cf34f2cc10be0e33c0b08019 - Path: Packages/com.unity.modules.unityanalytics/package.ModuleCompilationTrigger' with importer (DefaultImporter)
Imported 'GUID: 71136fc5cf34f2cc10be0e33c0b08019' -> (Import Result ID: '56d126e4d1bc3d7b9e851b6322fe1bf8') in 0.000 seconds [static dependencies only]. Details - ImportResultOutputID=19db86d6fd47355ede82a1c702bde617 DependenciesID=b7469a4e7d2ca43e0537a7ec0ec6f7f8 StaticDependenciesID=0fa4fc0f2aeadebbd7eb627812335e19 
Importing 'GUID: 71e7167b55a3448b38774a3bb6e05bac - Path: Packages/com.unity.modules.timelinefoundation/package.ModuleCompilationTrigger' with importer (DefaultImporter)
Imported 'GUID: 71e7167b55a3448b38774a3bb6e05bac' -> (Import Result ID: 'a6bec22fa10db9f7f35c7bd13e010a27') in 0.000 seconds [static dependencies only]. Details - ImportResultOutputID=c5890c0237407de11fec9407c846284f DependenciesID=36a0517f4d644b89cbe480485858a8bb StaticDependenciesID=25f461b927f097c38d0dbd784655af32 
Importing 'GUID: a1c42005fe7c5d78585a77ce396a5eea - Path: Packages/com.unity.modules.tilemap/package.ModuleCompilationTrigger' with importer (DefaultImporter)
Imported 'GUID: a1c42005fe7c5d78585a77ce396a5eea' -> (Import Result ID: '3e9d656e966633573cb2046a22ae4ca5') in 0.000 seconds [static dependencies only]. Details - ImportResultOutputID=41e18ad721a806fe228204bdeef3a130 DependenciesID=97ef5d5583d5a20672f05956a22555d4 StaticDependenciesID=4ee5382b003fc77fa6aba69871f9e483 
Importing 'GUID: d104359075a97392b803d3d5aebc77f7 - Path: Packages/com.unity.modules.hierarchycore/package.ModuleCompilationTrigger' with importer (DefaultImporter)
Imported 'GUID: d104359075a97392b803d3d5aebc77f7' -> (Import Result ID: '636638bc242e6bdeeae1ff976ac45eea') in 0.000 seconds [static dependencies only]. Details - ImportResultOutputID=1072526eb62216a1dc59d571676cf01f DependenciesID=69277dae5c49201d36383230841bb75b StaticDependenciesID=afc1e02b93f4652d9379104da0050c0e 
Importing 'GUID: 222fc39b0c85d800342910da2cd64781 - Path: Packages/com.unity.modules.assetbundle/package.ModuleCompilationTrigger' with importer (DefaultImporter)
Imported 'GUID: 222fc39b0c85d800342910da2cd64781' -> (Import Result ID: '0fd01ec1cec49f43ec72c5169f6a2f32') in 0.000 seconds [static dependencies only]. Details - ImportResultOutputID=7310c3d2b5a0454edeaf1531193e1a44 DependenciesID=fe2b344c41a59d7326b14e42dbe8dfa7 StaticDependenciesID=068dda8c383984ece564f394f95f8957 
Importing 'GUID: d2ec2d1228c8e67cdd913cb5609176a2 - Path: Packages/com.unity.modules.unitywebrequest/package.ModuleCompilationTrigger' with importer (DefaultImporter)
Imported 'GUID: d2ec2d1228c8e67cdd913cb5609176a2' -> (Import Result ID: 'a3f2f0e23f3ad60f0708fa9556b1addd') in 0.000 seconds [static dependencies only]. Details - ImportResultOutputID=fa2ee3949a508ef3b244c0a794acf950 DependenciesID=cbbd01d5144c855f237ee6f40affeaad StaticDependenciesID=373cbc2130578c37890108d08e3aa5a8 
Importing 'GUID: e2d09a26ce46dc617b54e49a534ace20 - Path: Packages/com.unity.modules.ai/package.ModuleCompilationTrigger' with importer (DefaultImporter)
Imported 'GUID: e2d09a26ce46dc617b54e49a534ace20' -> (Import Result ID: 'c84fbdd4c3af86792ea6d72c160432c9') in 0.000 seconds [static dependencies only]. Details - ImportResultOutputID=ee6d62765d5e314c9a6c39429e765ae4 DependenciesID=9494f1933888c1f65785ae70d1f831f9 StaticDependenciesID=6c7c4c8e791c4aa26cc383c6d60585b1 
Importing 'GUID: 23032f4383e95e772bce465c5896d0fd - Path: Packages/com.unity.modules.terrain/package.ModuleCompilationTrigger' with importer (DefaultImporter)
Imported 'GUID: 23032f4383e95e772bce465c5896d0fd' -> (Import Result ID: 'bd30ba83ed02823c9e823c14b941a7f1') in 0.000 seconds [static dependencies only]. Details - ImportResultOutputID=f8cc97289111b69a8286fb59513f51d0 DependenciesID=f7f84d52c1320d9424f005284d1bf4d4 StaticDependenciesID=5c35be58abc6fbf8152e89babfca9984 
Importing 'GUID: 830a36a23cf3ab1e61fa47940a6dc35e - Path: Packages/com.unity.modules.imageconversion/package.ModuleCompilationTrigger' with importer (DefaultImporter)
Imported 'GUID: 830a36a23cf3ab1e61fa47940a6dc35e' -> (Import Result ID: 'be0b67b432003b038cf0bb92e1d77b13') in 0.000 seconds [static dependencies only]. Details - ImportResultOutputID=76d29ea8d45d8514b9b32b4ce101e77e DependenciesID=7f550e29dfcaa81d6d67cc4988f0b7c8 StaticDependenciesID=7f600a175e09c6006f9088f92f2c1098 
Importing 'GUID: a31a332ce3485f00f7df8d987302a29c - Path: Packages/com.unity.modules.unitywebrequesttexture/package.ModuleCompilationTrigger' with importer (DefaultImporter)
Imported 'GUID: a31a332ce3485f00f7df8d987302a29c' -> (Import Result ID: '7029b3a7fbb8733a8662ce0664153cce') in 0.000 seconds [static dependencies only]. Details - ImportResultOutputID=a17619517ae6297bd7d73537d7aa1eef DependenciesID=4cb8ff9f6c9825e23497eb6dfab28558 StaticDependenciesID=cee85ab715b09873ab2419e18d764d2a 
Importing 'GUID: 042dc296246916648e55a43d0eeb2036 - Path: Packages/com.unity.modules.audio/package.ModuleCompilationTrigger' with importer (DefaultImporter)
Imported 'GUID: 042dc296246916648e55a43d0eeb2036' -> (Import Result ID: 'eb5c5d20fc9656beee57de382516913d') in 0.000 seconds [static dependencies only]. Details - ImportResultOutputID=db7c8acc5ec18f8d94381a817bd4639b DependenciesID=f2e5ad5e1d5d153fc84b7341a3ca872f StaticDependenciesID=987edeb86285dfb2f2b949491eb5ed6c 
Importing 'GUID: 14e86f88e9a8c9c448d7e7df92f2aeec - Path: Packages/com.unity.modules.physicscore2d/package.ModuleCompilationTrigger' with importer (DefaultImporter)
Imported 'GUID: 14e86f88e9a8c9c448d7e7df92f2aeec' -> (Import Result ID: '2c973c246328c75cfbee9b147c533aec') in 0.000 seconds [static dependencies only]. Details - ImportResultOutputID=4f921d24b7de923e48844f6cc629c5fc DependenciesID=5c2b2ed5b2c80f68f171a4ee31fd57d0 StaticDependenciesID=b0c4b38fa6509f6aac786da76715b668 
Importing 'GUID: 553737203d61a8109f9544a97201e1aa - Path: Packages/com.unity.modules.unitywebrequestaudio/package.ModuleCompilationTrigger' with importer (DefaultImporter)
Imported 'GUID: 553737203d61a8109f9544a97201e1aa' -> (Import Result ID: '0f4eb7ae2b60b7c89087cdbc39d4a4fe') in 0.000 seconds [static dependencies only]. Details - ImportResultOutputID=64727956256aa51f7cb2d4856cb94864 DependenciesID=cd465c0c33eadf2436e57ee7f25fa7fb StaticDependenciesID=bd9a4bcd391b2567d2810cdd845fb0eb 
Importing 'GUID: e5c46c19ce0ce2e0103aa6f82df1043a - Path: Packages/com.unity.modules.vehicles/package.ModuleCompilationTrigger' with importer (DefaultImporter)
Imported 'GUID: e5c46c19ce0ce2e0103aa6f82df1043a' -> (Import Result ID: 'b99ed6723b74a4d66aa0206620636a07') in 0.000 seconds [static dependencies only]. Details - ImportResultOutputID=9b7b8c0cced984a57484c36eeeb14744 DependenciesID=ef2dffd146da6b275d6d1e44bea61be8 StaticDependenciesID=9ca15e267986355ee32da087f45ce101 
Importing 'GUID: 7610600f5c83e01041a6fe849d39279f - Path: Packages/com.unity.modules.unitywebrequestassetbundle/package.ModuleCompilationTrigger' with importer (DefaultImporter)
Imported 'GUID: 7610600f5c83e01041a6fe849d39279f' -> (Import Result ID: 'd143180331801b6afac4cb0441c03e0e') in 0.000 seconds [static dependencies only]. Details - ImportResultOutputID=f30f7eaa989873c773f075bfa516083b DependenciesID=688e9abb6902a064839efe5478506764 StaticDependenciesID=d0e36a883dc7d1e0c9c852b0a2bc5946 
Importing 'GUID: e6a135e3ea9cb46795d1b0e05ac3e1e5 - Path: Packages/com.unity.modules.jsonserialize/package.ModuleCompilationTrigger' with importer (DefaultImporter)
Imported 'GUID: e6a135e3ea9cb46795d1b0e05ac3e1e5' -> (Import Result ID: 'c71f379f57b8b9297518a0ca2d221294') in 0.000 seconds [static dependencies only]. Details - ImportResultOutputID=fe2252d2af7741e3b7227eed79d28422 DependenciesID=4d9d5a211e60a1a74167fb8bdba07a36 StaticDependenciesID=b0b22eccfcc75550cfd5416b8ccadc34 
Importing 'GUID: f62135e79edb837b2d2ee3c524da864c - Path: Packages/com.unity.modules.video/package.ModuleCompilationTrigger' with importer (DefaultImporter)
Imported 'GUID: f62135e79edb837b2d2ee3c524da864c' -> (Import Result ID: '3aef036da86c810165ec7e6a476a5e6a') in 0.000 seconds [static dependencies only]. Details - ImportResultOutputID=3eada0df8170b53fc4bf86e17012a94e DependenciesID=22c43316fff881fb5401b42ecaa5cf6b StaticDependenciesID=fbd77c14c4971f0ecd6ad9fa2e1328c7 
Importing 'GUID: 17f093324b67f5bd57e55b546736750e - Path: Packages/com.unity.modules.particlesystem/package.ModuleCompilationTrigger' with importer (DefaultImporter)
Imported 'GUID: 17f093324b67f5bd57e55b546736750e' -> (Import Result ID: 'f5f31d1663e5c8d3331bb37242222224') in 0.000 seconds [static dependencies only]. Details - ImportResultOutputID=03b670f3bb0647212e588851cc9790ce DependenciesID=7cd4b0bd5e72584af4ea6e0c0211374b StaticDependenciesID=093f92235b507c1e02fa5e78da745e12 
Importing 'GUID: 4745d06d5a7ca576dcf9e5e67b417652 - Path: Packages/com.unity.modules.accessibility/package.ModuleCompilationTrigger' with importer (DefaultImporter)
Imported 'GUID: 4745d06d5a7ca576dcf9e5e67b417652' -> (Import Result ID: '397e51aa7e4f499b0e5205ffb978fc4e') in 0.000 seconds [static dependencies only]. Details - ImportResultOutputID=b1f5e4e3c8972d4630691b43df2bbfd5 DependenciesID=1c2a5a75fdeca1a9ece56ca2cd130f73 StaticDependenciesID=d3721eb1044daf5752f2a6dc41e1fbad 
Importing 'GUID: c7a8b0317f4e68556d7509828e9e211e - Path: Packages/com.unity.modules.xr/package.ModuleCompilationTrigger' with importer (DefaultImporter)
Imported 'GUID: c7a8b0317f4e68556d7509828e9e211e' -> (Import Result ID: 'e6bc977ec43908b8c483480c50ba709b') in 0.000 seconds [static dependencies only]. Details - ImportResultOutputID=3c34469eeb3b36ac519079aacda65087 DependenciesID=d798ecfd2d3e606ae271c325f8d3f9d8 StaticDependenciesID=e7f1a4af7c34a1d23cbcb270e74c5222 
Importing 'GUID: 082fbee38a82835433261a5e9c00e267 - Path: Packages/com.unity.modules.cloth/package.ModuleCompilationTrigger' with importer (DefaultImporter)
Imported 'GUID: 082fbee38a82835433261a5e9c00e267' -> (Import Result ID: '054de114cf7b1ddb2123ab78864bfa32') in 0.000 seconds [static dependencies only]. Details - ImportResultOutputID=9be4c5c78bb42c0f666e2a3f388dc295 DependenciesID=9832c12933ccfc77258802dcb0e3f72b StaticDependenciesID=ef90c48130220f5be7a14d844c91ba67 
Importing 'GUID: c82e859b16636ddd2ca4a1f63fd34938 - Path: Packages/com.unity.modules.androidjni/package.ModuleCompilationTrigger' with importer (DefaultImporter)
Imported 'GUID: c82e859b16636ddd2ca4a1f63fd34938' -> (Import Result ID: 'ff8c030b16c1cc7102200c9ad9435e1d') in 0.000 seconds [static dependencies only]. Details - ImportResultOutputID=55f36a6ec0ad2395ab65ece168bae855 DependenciesID=d43e9c36192ead1f86158e7e35972b1d StaticDependenciesID=5262811eb11f19499d820f4d7138ccaa 
Importing 'GUID: c88e90bad18cceb5d182d0c805883056 - Path: Packages/com.unity.modules.director/package.ModuleCompilationTrigger' with importer (DefaultImporter)
Imported 'GUID: c88e90bad18cceb5d182d0c805883056' -> (Import Result ID: 'df5c6bef6720749769e0f29a7b968a5d') in 0.000 seconds [static dependencies only]. Details - ImportResultOutputID=990ca6c83905e57d0ad7cd210f7cd2f4 DependenciesID=b85bfdded66e51812773514932e1aca5 StaticDependenciesID=af76e0aacb3cf0fe693097321b8bc037 
Importing 'GUID: 1af35a910338381f753e8a985eb5daab - Path: Packages/com.unity.modules.adaptiveperformance/package.ModuleCompilationTrigger' with importer (DefaultImporter)
Imported 'GUID: 1af35a910338381f753e8a985eb5daab' -> (Import Result ID: 'fc49569651cc7b30f65743e4c018033a') in 0.000 seconds [static dependencies only]. Details - ImportResultOutputID=38b55a11ad75d8d562e364a238f3edd6 DependenciesID=31de37ff8b9a96f332a1fe4c4b17e97a StaticDependenciesID=b97217f7ec03d510a9073c02c264b8d7 
Importing 'GUID: 2adec19fac7df68adf1fd6eb83197bb1 - Path: Packages/com.unity.modules.wind/package.ModuleCompilationTrigger' with importer (DefaultImporter)
Imported 'GUID: 2adec19fac7df68adf1fd6eb83197bb1' -> (Import Result ID: '6f5329e3c0cac076202f7a8638885e2a') in 0.000 seconds [static dependencies only]. Details - ImportResultOutputID=7f18c13849c24c83cffeb627f22214a1 DependenciesID=0282cb2b50e52649b51b1218e25d341f StaticDependenciesID=eacd0b75a9f702da0584600b1d54bde7 
Importing 'GUID: 8a752aaaadd2410dd9a84e01c1bace9f - Path: Packages/com.unity.modules.uielements/package.ModuleCompilationTrigger' with importer (DefaultImporter)
Imported 'GUID: 8a752aaaadd2410dd9a84e01c1bace9f' -> (Import Result ID: 'dc6f24ef124e8a1d93aeb4a49c9f2f2f') in 0.000 seconds [static dependencies only]. Details - ImportResultOutputID=058332d648d7f8084d1da6808467f61f DependenciesID=2d44fed7f892601fa61b2fed977658e7 StaticDependenciesID=ebedc7cdf67042358e558fc7d3cb11d5 
Importing 'GUID: 1b6246f2248883964991eac9e9b4817c - Path: Packages/com.unity.modules.umbra/package.ModuleCompilationTrigger' with importer (DefaultImporter)
Imported 'GUID: 1b6246f2248883964991eac9e9b4817c' -> (Import Result ID: 'e584efd2346a6fcd345a9419a0e8a578') in 0.000 seconds [static dependencies only]. Details - ImportResultOutputID=b67f1a35dabb3a69e999ed6262ee3706 DependenciesID=acae37db5af4c558d67e981e08dc71f4 StaticDependenciesID=4c307308065751d30c0501355fc00317 
Importing 'GUID: 4bf139fc5e9d9240edc107e25d67d398 - Path: Packages/com.unity.modules.tetgen/package.ModuleCompilationTrigger' with importer (DefaultImporter)
Imported 'GUID: 4bf139fc5e9d9240edc107e25d67d398' -> (Import Result ID: '32c0a5c247b7d4630e34dc8a23b68bbe') in 0.000 seconds [static dependencies only]. Details - ImportResultOutputID=65cbec6ab1d9e8bebe15b1d11261c757 DependenciesID=f8e401a0bd87c3dc127a91c1ab3cd02f StaticDependenciesID=bcf844a6408d7a7017ee86bb65031aa6 
Importing 'GUID: cbb1a39d56ce4d9ac1a46ac505893fa7 - Path: Packages/com.unity.modules.terrainphysics/package.ModuleCompilationTrigger' with importer (DefaultImporter)
Imported 'GUID: cbb1a39d56ce4d9ac1a46ac505893fa7' -> (Import Result ID: '0015779f9cd014ade85ffd7046bb2285') in 0.000 seconds [static dependencies only]. Details - ImportResultOutputID=55421b023a735b0064eb2b4eb850448a DependenciesID=f66c66036bb2a04dc531dade5a20af10 StaticDependenciesID=9281758ea84e1fefc5eeb8796f201f8d 
Importing 'GUID: db8e609a39b9b231fccc54e5fa4cbd1b - Path: Packages/com.unity.modules.animation/package.ModuleCompilationTrigger' with importer (DefaultImporter)
Imported 'GUID: db8e609a39b9b231fccc54e5fa4cbd1b' -> (Import Result ID: '64bdd471f684b7215418c8ebb98646e6') in 0.000 seconds [static dependencies only]. Details - ImportResultOutputID=bd54157e641a087b027334797ac1bb4e DependenciesID=63ee899a18461a3d707a245c13219acd StaticDependenciesID=45113d4b06d87e4212ca0fd971c6f675 
Importing 'GUID: 3cc1ebf2abb7fef6871ad48f499b6e21 - Path: Packages/com.unity.modules.vectorgraphics/package.ModuleCompilationTrigger' with importer (DefaultImporter)
Imported 'GUID: 3cc1ebf2abb7fef6871ad48f499b6e21' -> (Import Result ID: '691e04633c45bc3a459c56548c37507c') in 0.000 seconds [static dependencies only]. Details - ImportResultOutputID=f888f024258c75377d48b95d8eccd14d DependenciesID=8afc27de05790c97bc976e3bb8e1a82d StaticDependenciesID=27d17b554dfb7e9c29707348538cb25c 
Importing 'GUID: 5c1ee4056d0ac7ad3c5a16597fcaa38a - Path: Packages/com.unity.modules.physics/package.ModuleCompilationTrigger' with importer (DefaultImporter)
Imported 'GUID: 5c1ee4056d0ac7ad3c5a16597fcaa38a' -> (Import Result ID: '0f78740e1b0faf652d13359c837630fa') in 0.000 seconds [static dependencies only]. Details - ImportResultOutputID=0711ed6008a670c121290dcbcce4e191 DependenciesID=1deaa0db5f99f0028b0739739357e86b StaticDependenciesID=93b97e97dbe87d17a699457ed0c8bfdb 
Importing 'GUID: 8d4bc6bfa28760b29f13174d6b6ea710 - Path: Packages/com.unity.modules.subsystems/package.ModuleCompilationTrigger' with importer (DefaultImporter)
Imported 'GUID: 8d4bc6bfa28760b29f13174d6b6ea710' -> (Import Result ID: '5ba628f7dd061e6c6125f1d10a64f3cc') in 0.000 seconds [static dependencies only]. Details - ImportResultOutputID=506707270f0b52336d3dc2706a7b00f3 DependenciesID=b542271c0169491e5e8c11b6ca61744b StaticDependenciesID=f8416302fe8f15d94abef2ac59f5532a 
Importing 'GUID: cd561f5f687aed43bf280c27a84f79e3 - Path: Packages/com.unity.modules.screencapture/package.ModuleCompilationTrigger' with importer (DefaultImporter)
Imported 'GUID: cd561f5f687aed43bf280c27a84f79e3' -> (Import Result ID: '44b7856086d9635bc03bb42d4968c411') in 0.000 seconds [static dependencies only]. Details - ImportResultOutputID=c0a8303c6754efb32cd09ffd146f4f49 DependenciesID=c0c206a2785c8acb2042240a2f88798b StaticDependenciesID=ffe48f33e27a5f63f50b47fe4620e5e4 
Importing 'GUID: ae87256f29d9c8b50490f4caf75b2c41 - Path: Packages/com.unity.modules.unitywebrequestwww/package.ModuleCompilationTrigger' with importer (DefaultImporter)
Imported 'GUID: ae87256f29d9c8b50490f4caf75b2c41' -> (Import Result ID: '04c5ca5b57cafa76228e9ce9042e8863') in 0.000 seconds [static dependencies only]. Details - ImportResultOutputID=e6bac705e462011a5c14df84abae17b9 DependenciesID=313bca068a82967cd7169028c09e9c78 StaticDependenciesID=794bf6e576894272110ccdcb72c79620 
Importing 'GUID: be13c398521e3c1ad21fb9da30ab2ab6 - Path: Packages/com.unity.modules.imgui/package.ModuleCompilationTrigger' with importer (DefaultImporter)
Imported 'GUID: be13c398521e3c1ad21fb9da30ab2ab6' -> (Import Result ID: 'f88617f8755f3cc7c522b80bad4b2bff') in 0.000 seconds [static dependencies only]. Details - ImportResultOutputID=bbfcda24188a78ea8f934cd6f1d77d47 DependenciesID=1676049d7bfc560c2876453352831559 StaticDependenciesID=1484f2e44d4504480cf87fd155816ecc 
Importing 'GUID: fe6a6957b37b61417b457a1e0541791d - Path: Packages/com.unity.modules.physics2d/package.ModuleCompilationTrigger' with importer (DefaultImporter)
Imported 'GUID: fe6a6957b37b61417b457a1e0541791d' -> (Import Result ID: '277c9d9c9443fa4d20de51563b0d83a5') in 0.000 seconds [static dependencies only]. Details - ImportResultOutputID=0029339c38fd9ee58145f1e3cabdd15e DependenciesID=adeb826391ab9c6ccdea71424fa76aa4 StaticDependenciesID=a2616f4ea2d94c01ce1fa3af66244439 
Native extension for LinuxStandalone target not found
Native extension for WindowsStandalone target not found
ScheduleIndexationOnStartup MainProcess:True IndexOnStartup:True
Scripting: successfully reloaded assembly
- Finished resetting the current domain, in  0.757 seconds
Domain Reload Profiling: 1450ms
	BeginReloadAssembly (291ms)
		DisableScriptedObjects (27ms)
		CreateAndSetChildDomain (72ms)
	RebuildCommonClasses (12ms)
	RebuildNativeTypeToScriptingClass (15ms)
	initialDomainReloadingComplete (50ms)
	LoadAllAssembliesAndSetupDomain (322ms)
		LoadAssemblies (238ms)
		TypeCache.Refresh (20ms)
			TypeCache.ScanAssembly (12ms)
		AnalyzeDomain (10ms)
			BuildScriptInfoCaches (8ms)
	FinalizeReload (758ms)
		SetupLoadedEditorAssemblies (0ms)
			InitializePlatformSupportModulesInManaged (9ms)
			BeforeProcessingInitializeOnLoad (156ms)
			ProcessInitializeOnLoadAttributes (219ms)
			ProcessInitializeOnLoadMethodAttributes (64ms)
			AfterProcessingInitializeOnLoad (4ms)
		AwakeInstancesAfterBackupRestoration (32ms)
Starting new worker id: 0 with log in /home/sgarciav/git-repos/KinectGame_FB/Assets/Logs/AssetImportWorkerHW0.log
Importing 'GUID: 00000000000000005000000000000000 - Path: Library/BuildPlayer.prefs' with importer (DefaultImporter)
Imported 'GUID: 00000000000000005000000000000000' -> (Import Result ID: 'e7fde0b61ad1bb905306708466de98ff') in 0.019 seconds [static dependencies only]. Details - ImportResultOutputID=5acc0d65895b3924819acc0f7e0e29d2 DependenciesID=59ca58ea3aedb06da41e45fbc07180ca StaticDependenciesID=37539b702cdc10d1395751c96f99732e 
Importing 'GUID: 585c3fb85b32bd64e8814074e754163e - Path: Packages/com.unity.ide.visualstudio/Editor/VSWhere/vswhere.exe' with importer (DefaultImporter)
Imported 'GUID: 585c3fb85b32bd64e8814074e754163e' -> (Import Result ID: '701e5b472d57295940ce3e5e00167b53') in 0.001 seconds [static dependencies only]. Details - ImportResultOutputID=fd84ef82b906939aad1911d355b2029d DependenciesID=a9c3f6abe0e86ff7a75e134f5648d5a7 StaticDependenciesID=41bf4a9549fbc4054f90b893523d36b2 
Importing 'GUID: cb67edc1800c2ec4ba8dfb1cf0dfc84a - Path: Packages/com.unity.ide.visualstudio/Editor/COMIntegration/Release/COMIntegration.exe' with importer (DefaultImporter)
Imported 'GUID: cb67edc1800c2ec4ba8dfb1cf0dfc84a' -> (Import Result ID: '90829e31db53b07a994dc2fadb541224') in 0.001 seconds [static dependencies only]. Details - ImportResultOutputID=b9c287c27e0f1bb4e3c7a5e560e89af8 DependenciesID=b092e555a70bb69d0dae40a46a793207 StaticDependenciesID=06d3555c8fa1daca7c820cb967bf7888 
Importing 'GUID: 30b312a167534621b316172253b08723 - Path: Packages/com.unity.modules.subsystems/package.json' with importer (PackageManifestImporter)
Imported 'GUID: 30b312a167534621b316172253b08723' -> (Import Result ID: 'b10024a0f6cebe899b1affa2e39b6698') in 0.001 seconds [static dependencies only]. Details - ImportResultOutputID=03007febde6dcb0b426482d765f2ff7c DependenciesID=78fa1e8a2c7d232f7b9025619ee0dfca StaticDependenciesID=af1eae6eceec3c9dcbe0a132f3f40bdf 
Importing 'GUID: 40bf3cec17fa0b49fe04443c8332d638 - Path: Packages/com.unity.modules.jsonserialize/package.json' with importer (PackageManifestImporter)
Imported 'GUID: 40bf3cec17fa0b49fe04443c8332d638' -> (Import Result ID: '8ee46477189e27b29e382890acc79627') in 0.001 seconds [static dependencies only]. Details - ImportResultOutputID=5dea240f20e69e37c96e2b4918a54663 DependenciesID=acc0992a0b92b18883c332ba2e62ff77 StaticDependenciesID=91a7035b5e22578c64f5bdd63cce6aab 
Importing 'GUID: 6022bdd5b2896a54f94123b812705321 - Path: Packages/com.unity.ide.visualstudio/CHANGELOG.md' with importer (TextScriptImporter)
Imported 'GUID: 6022bdd5b2896a54f94123b812705321' -> (Import Result ID: 'ef287330416445f6e6232585ee0948a3') in 0.001 seconds [static dependencies only]. Details - ImportResultOutputID=c0e58df697d8d3aed0a3958a0ae37c00 DependenciesID=5dae0207f906ef7c56008bf3abe2c0ab StaticDependenciesID=3bc5f93312d6c771c47ec3111a32a56e 
Importing 'GUID: 80beef77cb19e713c7c2d481b65ed485 - Path: Packages/com.unity.modules.screencapture/package.json' with importer (PackageManifestImporter)
Imported 'GUID: 80beef77cb19e713c7c2d481b65ed485' -> (Import Result ID: '8a16c09587273fd72c5e4cbd8ee9b0ef') in 0.001 seconds [static dependencies only]. Details - ImportResultOutputID=c29d507898bc94d8d4266b1d0331d615 DependenciesID=dafb29e651dc40f7f680e038bf9dc263 StaticDependenciesID=ccdb4e81466e52e721ca5d74596c4f5a 
Importing 'GUID: 906c12bc9cd95d3963c6d58f62522c78 - Path: Packages/com.unity.modules.cloth/package.json' with importer (PackageManifestImporter)
Imported 'GUID: 906c12bc9cd95d3963c6d58f62522c78' -> (Import Result ID: 'd4ede5783155fd27e67d64cc1389d4f2') in 0.000 seconds [static dependencies only]. Details - ImportResultOutputID=67d33117acba2887bee1e591b0fa67d5 DependenciesID=74f1b9f492be6ee5dc106e5ae16321e8 StaticDependenciesID=212caa1b1964462c534150fe73e6a2e2 
Importing 'GUID: d0e3ad91972c66f5238f5b9b7d5ae58a - Path: Packages/com.unity.modules.unitywebrequesttexture/package.json' with importer (PackageManifestImporter)
Imported 'GUID: d0e3ad91972c66f5238f5b9b7d5ae58a' -> (Import Result ID: '21c72bbdaaa16f84ed48c3a5ee0dcc6d') in 0.000 seconds [static dependencies only]. Details - ImportResultOutputID=b2ea28ad09e6f59e6577d48bb18c89b7 DependenciesID=2691c4b4b4ff993b2c70e4fae8052c3b StaticDependenciesID=45fb7b6b7ac5503d3e0d3a7bcc7f4a04 
Importing 'GUID: f0f13f2ab3d6d13cfc6e4656824bfca8 - Path: Packages/com.unity.modules.ai/package.json' with importer (PackageManifestImporter)
Imported 'GUID: f0f13f2ab3d6d13cfc6e4656824bfca8' -> (Import Result ID: 'fcbf6bd9948a065a0ad3c3a496e386fc') in 0.000 seconds [static dependencies only]. Details - ImportResultOutputID=09eecc33a494288a458e9a859efddc1d DependenciesID=06cdb2ab3fdef474862627273a7ef26e StaticDependenciesID=98c2d98a51d39665a931f64a1d8df4d4 
Importing 'GUID: 8143d3a8390f2c64685e3bc272bd9e90 - Path: Packages/com.unity.ext.nunit/package.json' with importer (PackageManifestImporter)
Imported 'GUID: 8143d3a8390f2c64685e3bc272bd9e90' -> (Import Result ID: '6d8d6790101c5c13a06d2454f310cfc2') in 0.000 seconds [static dependencies only]. Details - ImportResultOutputID=6773ebe0e4b9638a6809590197d1c364 DependenciesID=2f96238fd014582f032e06b9b3d85e49 StaticDependenciesID=cb6a5acd68a2f48f2bd067d3456728fa 
Importing 'GUID: e1ef8466c8fd01a549f10baa4d51fa17 - Path: Packages/com.unity.modules.assetbundle/package.json' with importer (PackageManifestImporter)
Imported 'GUID: e1ef8466c8fd01a549f10baa4d51fa17' -> (Import Result ID: 'd25cc29dcd9708b34f1b837ef1515389') in 0.001 seconds [static dependencies only]. Details - ImportResultOutputID=4f7232b0524a7a9e9f68142dba21776d DependenciesID=fdd3aa4f729e2bb41c54a5331eab7352 StaticDependenciesID=028b95d98be75b8f25ecd53d6d869378 
Importing 'GUID: 42fe78c8fe682715a2cb531422e6ccb3 - Path: Packages/com.unity.modules.imgui/package.json' with importer (PackageManifestImporter)
Imported 'GUID: 42fe78c8fe682715a2cb531422e6ccb3' -> (Import Result ID: 'ebbe571c2ca4b43d498828030c4f9e2f') in 0.000 seconds [static dependencies only]. Details - ImportResultOutputID=6adb48f425d52956e39c99c15221075b DependenciesID=781b26c3f30d49addec1e6031a07fa35 StaticDependenciesID=876e146632b3ef542bbee7abc5efa6cb 
Importing 'GUID: 92a378669877c05c6071d0fed687bb95 - Path: Packages/com.unity.modules.tilemap/package.json' with importer (PackageManifestImporter)
Imported 'GUID: 92a378669877c05c6071d0fed687bb95' -> (Import Result ID: '3421d60220671ce371fcab839041e149') in 0.000 seconds [static dependencies only]. Details - ImportResultOutputID=f25cf0b4926161f7334d0ca35155bde2 DependenciesID=b05d09332b53216b9e55553844c23b02 StaticDependenciesID=8befe2861ffc634d667827e21d8f2e5f 
Importing 'GUID: 43674d438e19b89d7fe6af07234f3252 - Path: Packages/com.unity.modules.accessibility/package.json' with importer (PackageManifestImporter)
Imported 'GUID: 43674d438e19b89d7fe6af07234f3252' -> (Import Result ID: 'b8a515087c40a379543e9634dbc8bb3b') in 0.000 seconds [static dependencies only]. Details - ImportResultOutputID=36998c71967bbee4e01f8ef09b931695 DependenciesID=1a3c148184d6138319ea0c5f8cea01d3 StaticDependenciesID=b0de0cdecc06d892053d0a98e5ec217e 
Importing 'GUID: 939b89fc6b924ea2e821fc1be1b09f56 - Path: Packages/com.unity.modules.tetgen/package.json' with importer (PackageManifestImporter)
Imported 'GUID: 939b89fc6b924ea2e821fc1be1b09f56' -> (Import Result ID: 'baba85694bf7fec9aca16652fd60d5c5') in 0.000 seconds [static dependencies only]. Details - ImportResultOutputID=7557f740443104c98d6cc805afa57bac DependenciesID=767dfcf4394f5aaf28048304bec3ef55 StaticDependenciesID=f9532bb256f42aefcacef62f6b3563c0 
Importing 'GUID: a3f71b076c36a204a864f8c44142b3a9 - Path: Packages/com.unity.ide.visualstudio/ValidationConfig.json' with importer (TextScriptImporter)
Imported 'GUID: a3f71b076c36a204a864f8c44142b3a9' -> (Import Result ID: '6bc194c0e5cf2c0ea377129ee0200221') in 0.000 seconds [static dependencies only]. Details - ImportResultOutputID=cff9390ab0252068bea3e095f4d8ef8d DependenciesID=9d8b025ffb710ac31101c22b75c904b3 StaticDependenciesID=cb892ee866859957be28e6dcd81741fb 
Importing 'GUID: d3cbe921f7b3d9a3257e7c61a5761796 - Path: Packages/com.unity.modules.terrainphysics/package.json' with importer (PackageManifestImporter)
Imported 'GUID: d3cbe921f7b3d9a3257e7c61a5761796' -> (Import Result ID: '112e5a23c2023ea5979211d3873e4a26') in 0.000 seconds [static dependencies only]. Details - ImportResultOutputID=b0b6b92b3ae9e56ba37e3a9f9f48c15a DependenciesID=750b5a73890d293ecfffdf64d30814d1 StaticDependenciesID=465d1f1a183c47da9f85df4a031489b7 
Importing 'GUID: 2479a4656ed89570ebd1de1fdda3dae5 - Path: Packages/com.unity.modules.timelinefoundation/package.json' with importer (PackageManifestImporter)
Imported 'GUID: 2479a4656ed89570ebd1de1fdda3dae5' -> (Import Result ID: '08728476361bc26519fcad5346cdf6dd') in 0.000 seconds [static dependencies only]. Details - ImportResultOutputID=ef058a8e520247d77baf54b6409fc3bd DependenciesID=94ac8ffad4df7752102bfcbd0c400eb8 StaticDependenciesID=755213a65743514ed964ab29df50615f 
Importing 'GUID: f49bbe06ffa5ae24abe32abdab430c24 - Path: Packages/com.unity.ext.nunit/CHANGELOG.md' with importer (TextScriptImporter)
Imported 'GUID: f49bbe06ffa5ae24abe32abdab430c24' -> (Import Result ID: 'cd4dff66c699a226bf55f5e7c0a1f4b0') in 0.000 seconds [static dependencies only]. Details - ImportResultOutputID=01168eb68a0f3be6f532fd87433b1d0d DependenciesID=410372227720ae096651114bf4c0a19e StaticDependenciesID=afa1787e8d8c28cb672470fcab17a9b6 
Importing 'GUID: 05f7f519769978b79b31d063a7fc6fa1 - Path: Packages/com.unity.modules.unitywebrequestassetbundle/package.json' with importer (PackageManifestImporter)
Imported 'GUID: 05f7f519769978b79b31d063a7fc6fa1' -> (Import Result ID: '57f9aff7f07529738fe659be085c8493') in 0.000 seconds [static dependencies only]. Details - ImportResultOutputID=034e5292045bd5ab82aeb7bf28d749cb DependenciesID=32fabb8b151fe63f008df50e4e0ff789 StaticDependenciesID=2aa32c2534dc9bcb5d0d0a38aeaecd58 
Importing 'GUID: 5598b14661b5f4c43bed757f34b6d172 - Path: Packages/com.unity.ide.rider/LICENSE.md' with importer (TextScriptImporter)
Imported 'GUID: 5598b14661b5f4c43bed757f34b6d172' -> (Import Result ID: 'edf5f386fa5935ba76146f2e667a75ce') in 0.000 seconds [static dependencies only]. Details - ImportResultOutputID=327a019b016b061199b139089c9f7588 DependenciesID=26e7eae126c0167609ad958f04cf5999 StaticDependenciesID=9b3fb3b79c2968dbd1c57f75c7eec358 
Importing 'GUID: 656f74f6edaa396458412b9e3903d8cd - Path: Packages/com.unity.ide.visualstudio/package.json' with importer (PackageManifestImporter)
Imported 'GUID: 656f74f6edaa396458412b9e3903d8cd' -> (Import Result ID: '026fbff18d6d8ccd2105aaf4207fab86') in 0.000 seconds [static dependencies only]. Details - ImportResultOutputID=c6c234ec4788ad4daafb8100490de712 DependenciesID=e856ee9d89f09216e15ef763c814698e StaticDependenciesID=d58099b9ef64c5201453a22746692171 
Importing 'GUID: 953fab16d15d5885b3600fcd6388b2ad - Path: Packages/com.unity.modules.imageconversion/package.json' with importer (PackageManifestImporter)
Imported 'GUID: 953fab16d15d5885b3600fcd6388b2ad' -> (Import Result ID: '6937f20965d2433fd08b9f13823926f6') in 0.000 seconds [static dependencies only]. Details - ImportResultOutputID=9a89992024d25cf696c949fd94e17bb9 DependenciesID=e5f239e2e18f73deaa4f50beb297213d StaticDependenciesID=b3fea9d2b352a679c8b405a7ce64f941 
Importing 'GUID: b5930dbc378b45d406aeb881f06b6dfa - Path: Packages/com.unity.modules.physicscore2d/package.json' with importer (PackageManifestImporter)
Imported 'GUID: b5930dbc378b45d406aeb881f06b6dfa' -> (Import Result ID: '335aeb3912fba0e17704be379c875718') in 0.000 seconds [static dependencies only]. Details - ImportResultOutputID=12a7bd56fbba929e8dc4264d96bd62ed DependenciesID=d3afc64fd591d51e49ea525037716c27 StaticDependenciesID=33b77f452d30ba430c2e9fbb48a36b74 
Importing 'GUID: 26a4f29db434fd79025c91f6126382cc - Path: Packages/com.unity.modules.unityanalytics/package.json' with importer (PackageManifestImporter)
Imported 'GUID: 26a4f29db434fd79025c91f6126382cc' -> (Import Result ID: '58007aaad1db4b2f22993257254fa723') in 0.001 seconds [static dependencies only]. Details - ImportResultOutputID=9849a0fd59cb101c9ef8806d7b73ee5c DependenciesID=9d5230a9c65db807fa98f2780a5e5fc0 StaticDependenciesID=19771bde3126a64645041e2bfd67579f 
Importing 'GUID: 66c95bb3c74257f41bae2622511dc02d - Path: Packages/com.unity.ide.rider/package.json' with importer (PackageManifestImporter)
Imported 'GUID: 66c95bb3c74257f41bae2622511dc02d' -> (Import Result ID: '2d48b3247060e80247497281f12a74d8') in 0.000 seconds [static dependencies only]. Details - ImportResultOutputID=f89ff0383dd1cd9973d5836fc09a4be8 DependenciesID=71ba70c35d6bc9f6ffbb1a3f64b3d602 StaticDependenciesID=af2497d9d1327f4cf331ec0b6078f68f 
Importing 'GUID: 8645aa9c3c74fb34ba9499e14fb332b5 - Path: Packages/com.unity.ide.rider/CHANGELOG.md' with importer (TextScriptImporter)
Imported 'GUID: 8645aa9c3c74fb34ba9499e14fb332b5' -> (Import Result ID: 'ca2f202aafa234975268fc06aed9535b') in 0.001 seconds [static dependencies only]. Details - ImportResultOutputID=dd3c231205f1535e4e5415aae999a968 DependenciesID=11a9b17e0d5c1acc8c70bad97de3a745 StaticDependenciesID=58ddf74d8480a0ce5936b8187118a61f 
Importing 'GUID: 96d14b71b907bb52333b2886e665aba6 - Path: Packages/com.unity.modules.video/package.json' with importer (PackageManifestImporter)
Imported 'GUID: 96d14b71b907bb52333b2886e665aba6' -> (Import Result ID: 'ec629efd76ed33fdd850653f83fcb2e1') in 0.000 seconds [static dependencies only]. Details - ImportResultOutputID=7bb455f6c590609569e367d451c9eaac DependenciesID=98a16c26f61b2486f0efd50f43e15b07 StaticDependenciesID=ad179a09fd1ed1aad5a0417462c1aac0 
Importing 'GUID: b6029123aa4ab4e0481a4b3ad8a15af9 - Path: Packages/com.unity.ide.rider/ValidationExceptions.json' with importer (TextScriptImporter)
Imported 'GUID: b6029123aa4ab4e0481a4b3ad8a15af9' -> (Import Result ID: 'bae1c1b0434e288081f0fd8719c30c3d') in 0.000 seconds [static dependencies only]. Details - ImportResultOutputID=6f52e86b1f5116132a8a30131b940fa4 DependenciesID=6a83c3389cff2b6a1a377c08c7d8e8ac StaticDependenciesID=699685fe34e51757b946cd0401fbce0a 
Importing 'GUID: d691174143fd3774ba63d7c493633b99 - Path: Packages/com.unity.test-framework/CHANGELOG.md' with importer (TextScriptImporter)
Imported 'GUID: d691174143fd3774ba63d7c493633b99' -> (Import Result ID: 'c3fca394a9cc09d5d88d3d5a76ec5eb4') in 0.001 seconds [static dependencies only]. Details - ImportResultOutputID=574d6ecf949752cdaa9f864cbd026df1 DependenciesID=3ebce2b7a7e20f8a29d788af81daa402 StaticDependenciesID=3db3ee678f4ead70f7573c01750b7294 
Importing 'GUID: d6a2e6e4803de7b43baacdc355fc144d - Path: Packages/com.unity.test-framework/package.json' with importer (PackageManifestImporter)
Imported 'GUID: d6a2e6e4803de7b43baacdc355fc144d' -> (Import Result ID: '45803899b75dff850c7c69bb292f3a82') in 0.001 seconds [static dependencies only]. Details - ImportResultOutputID=b85245c2c18a9668379e33fc7fcb3c51 DependenciesID=0bce5952890ab663b1ca4ec6fd3c71e4 StaticDependenciesID=018df15a37e6a4b3682877e8a4b19e24 
Importing 'GUID: 87d720faa37005c08600090e04d8c739 - Path: Packages/com.unity.modules.particlesystem/package.json' with importer (PackageManifestImporter)
Imported 'GUID: 87d720faa37005c08600090e04d8c739' -> (Import Result ID: '1df5a9cecaef489dd441d85c827bfb82') in 0.000 seconds [static dependencies only]. Details - ImportResultOutputID=599f20e24f220ce6206f8878997bdd06 DependenciesID=ba04e18368886bd689f66994a6935a76 StaticDependenciesID=0f728e4cde1d915cb96524dc80f277cf 
Importing 'GUID: f7a8357347c80dc69c08d0b1a05e2122 - Path: Packages/com.unity.modules.physics2d/package.json' with importer (PackageManifestImporter)
Imported 'GUID: f7a8357347c80dc69c08d0b1a05e2122' -> (Import Result ID: 'f3f9cc7486364b5858ab335208b41558') in 0.000 seconds [static dependencies only]. Details - ImportResultOutputID=2a2089d23a749789d624cf8b10f38919 DependenciesID=66de86ce187ac9af74b290e478b59e7c StaticDependenciesID=e141893bff89cbf295bc44470d441989 
Importing 'GUID: 78e5667e52329c3ceef41288763404ae - Path: Packages/com.unity.modules.vectorgraphics/package.json' with importer (PackageManifestImporter)
Imported 'GUID: 78e5667e52329c3ceef41288763404ae' -> (Import Result ID: '827b9ece7eb21c50a11a1c752c3e49be') in 0.000 seconds [static dependencies only]. Details - ImportResultOutputID=8733afcfaecdae9a65a62a542fbdf833 DependenciesID=0fbc0a906d93674f381804b8d10b0849 StaticDependenciesID=7181f82d112539e3d91ef21ad2652435 
Importing 'GUID: 7809f42f64c877f4b90ac233e5ec2372 - Path: Packages/com.unity.ide.visualstudio/ThirdPartyNotices.md' with importer (TextScriptImporter)
Imported 'GUID: 7809f42f64c877f4b90ac233e5ec2372' -> (Import Result ID: 'a28aa1402ac8e637190ddf8440cc5e87') in 0.000 seconds [static dependencies only]. Details - ImportResultOutputID=f154d8c91844fe25266ca0011028e787 DependenciesID=5c2ffb1af8d1a639e99b218df7f42831 StaticDependenciesID=43742991ad5fb88fc39b2047e4b47ea1 
Importing 'GUID: 788fbcfc0abc6c54b9504cfee3176c22 - Path: Packages/com.unity.ide.visualstudio/ValidationExceptions.json' with importer (TextScriptImporter)
Imported 'GUID: 788fbcfc0abc6c54b9504cfee3176c22' -> (Import Result ID: '81135997c364631328a054147938fac8') in 0.000 seconds [static dependencies only]. Details - ImportResultOutputID=99c9b320b2a231cc13cad939eaabe428 DependenciesID=6dad5110de8a6794f881a3e6a17a8b63 StaticDependenciesID=9764ead717ca00dc09d6f901b9296d05 
Importing 'GUID: b83f06ac0c0696e9563230865ca72b81 - Path: Packages/com.unity.modules.wind/package.json' with importer (PackageManifestImporter)
Imported 'GUID: b83f06ac0c0696e9563230865ca72b81' -> (Import Result ID: 'a8656f25d2cf91e3ca982c71ed653e02') in 0.001 seconds [static dependencies only]. Details - ImportResultOutputID=798de0cf37792f6be40fafe019891a26 DependenciesID=dd9aa48000ccd0dd063210e9eb55b3a0 StaticDependenciesID=de55668f10a1cae6a27a96eac77f7236 
Importing 'GUID: d85e5eeaf8f135aeaaebdc8aa3cff6c3 - Path: Packages/com.unity.modules.umbra/package.json' with importer (PackageManifestImporter)
Imported 'GUID: d85e5eeaf8f135aeaaebdc8aa3cff6c3' -> (Import Result ID: '64cc3a1bf58a40c9e79d1324d4e1ef16') in 0.001 seconds [static dependencies only]. Details - ImportResultOutputID=4c146a7d688e6d2166c4942b24a533e3 DependenciesID=6c28e29c1b829243a4b54d9ecb9ffb70 StaticDependenciesID=6edfc4a1c56e8c63d01589507d7ed00f 
Importing 'GUID: e9df95f53f1c1d0c9199e235d6c42b50 - Path: Packages/com.unity.modules.audio/package.json' with importer (PackageManifestImporter)
Imported 'GUID: e9df95f53f1c1d0c9199e235d6c42b50' -> (Import Result ID: '9a8fd475b09f068f6093ea8f94bf33c2') in 0.000 seconds [static dependencies only]. Details - ImportResultOutputID=dd50e64e35666ab7aa809aa9c67640e0 DependenciesID=f07260f6ec74bf2f20e60e4417086729 StaticDependenciesID=e268fbe4703ea45e8c6f745ec6462067 
Importing 'GUID: f91a00d2dca52b843b2d50ccf750737d - Path: Packages/com.unity.ext.nunit/LICENSE.md' with importer (TextScriptImporter)
Imported 'GUID: f91a00d2dca52b843b2d50ccf750737d' -> (Import Result ID: '4a79da6677dd67cc5d5f747357bc40de') in 0.000 seconds [static dependencies only]. Details - ImportResultOutputID=d854dc97e3ddfb1399f46d637df03eb9 DependenciesID=4a66b8c1e54c8eb3ce2459fec3d8a4ef StaticDependenciesID=4e9ac9040dec2c3da17f383824ffe8cc 
Importing 'GUID: 1a4266815e998967becf686f9c71f0a6 - Path: Packages/com.unity.modules.physics/package.json' with importer (PackageManifestImporter)
Imported 'GUID: 1a4266815e998967becf686f9c71f0a6' -> (Import Result ID: '1c1ea763b3fdd4924ab8c5375bb12361') in 0.001 seconds [static dependencies only]. Details - ImportResultOutputID=51c9b085d6d330face3873f47bdeb94c DependenciesID=efc08e4957367c85def6f0109dc26745 StaticDependenciesID=68a0cfbac14a1f9119ccd29a0d28905d 
Importing 'GUID: 6afb166a156df2d20433d981f4bb2832 - Path: Packages/com.unity.modules.vehicles/package.json' with importer (PackageManifestImporter)
Imported 'GUID: 6afb166a156df2d20433d981f4bb2832' -> (Import Result ID: '427ac2cb5fd6c4af6fc4fca786595c08') in 0.000 seconds [static dependencies only]. Details - ImportResultOutputID=707c224d06d3d86b0e0c675283577f8f DependenciesID=7650ead1c382395276a880f3fbf97bec StaticDependenciesID=245e09dfff64d84a843ba08e0bc8bdb9 
Importing 'GUID: fa27413e9edb06a6058d6c894eca0338 - Path: Packages/com.unity.modules.unitywebrequestwww/package.json' with importer (PackageManifestImporter)
Imported 'GUID: fa27413e9edb06a6058d6c894eca0338' -> (Import Result ID: 'ceaf2b363342015c0784bd7da5e3761d') in 0.000 seconds [static dependencies only]. Details - ImportResultOutputID=c53c1407298d003a4df162739fd8b6e3 DependenciesID=c205e8ce220e67039e99360b1eeab0e3 StaticDependenciesID=b3886e20f6647ad9dda07a4116cc30ec 
Importing 'GUID: 4b518b37798c97b0f860962cbf615533 - Path: Packages/com.unity.modules.unitywebrequestaudio/package.json' with importer (PackageManifestImporter)
Imported 'GUID: 4b518b37798c97b0f860962cbf615533' -> (Import Result ID: '2e922349c5a7c213b55edb4de38e460f') in 0.000 seconds [static dependencies only]. Details - ImportResultOutputID=d5c366ffefc51e328c5f1d22060e1b93 DependenciesID=e85c58c5e0cdb04e9da54e968d78786e StaticDependenciesID=4cf61b3e504ad54fe656661add038048 
Importing 'GUID: 9b1a5759726ef9d39a0ab82047b615f1 - Path: Packages/com.unity.modules.hierarchycore/package.json' with importer (PackageManifestImporter)
Imported 'GUID: 9b1a5759726ef9d39a0ab82047b615f1' -> (Import Result ID: 'cd6e5823db696bf00ee2e28ceb470b0b') in 0.000 seconds [static dependencies only]. Details - ImportResultOutputID=c5273c29b22b21d56134ce8289d506f4 DependenciesID=980c75d015977560c7529502741d852c StaticDependenciesID=d32c07cf20487af6b7fb9c63a9993c95 
Importing 'GUID: 2c814623cb42764d304be0c5ddd03ceb - Path: Packages/com.unity.modules.xr/package.json' with importer (PackageManifestImporter)
Imported 'GUID: 2c814623cb42764d304be0c5ddd03ceb' -> (Import Result ID: '9a95f6b5a7516444ab60cb0653c532b3') in 0.001 seconds [static dependencies only]. Details - ImportResultOutputID=3fc3435fccc2112b33ddd9b17fbb4471 DependenciesID=721698b05d3552c385612cd0c2125f4f StaticDependenciesID=413ecbc7a897f290f9f8c9239009e58c 
Importing 'GUID: 4c413a81cadcce7038e446e56570117e - Path: Packages/com.unity.modules.adaptiveperformance/package.json' with importer (PackageManifestImporter)
Imported 'GUID: 4c413a81cadcce7038e446e56570117e' -> (Import Result ID: '71432847c635a1def0cbe13b3dcf1af1') in 0.000 seconds [static dependencies only]. Details - ImportResultOutputID=038584777620e7109cffebf720f12591 DependenciesID=2cca13ab3da739eaae65095962865788 StaticDependenciesID=4e3877d3945e35f2b1a32763767a0862 
Importing 'GUID: ec02776fe29df900b897106d61977735 - Path: Packages/com.unity.modules.director/package.json' with importer (PackageManifestImporter)
Imported 'GUID: ec02776fe29df900b897106d61977735' -> (Import Result ID: 'f306582db0a67f34c2ea4fe066ab7378') in 0.000 seconds [static dependencies only]. Details - ImportResultOutputID=c2c95c2e44325e1c7bac81e8c5834f8f DependenciesID=edfcb3e4004d229713ef6d1748716d22 StaticDependenciesID=bf409faa275a2b0c74deccccf6596876 
Importing 'GUID: 5da62a0c1c5218c4aa16b74546a7822d - Path: Packages/com.unity.ext.nunit/README.md' with importer (TextScriptImporter)
Imported 'GUID: 5da62a0c1c5218c4aa16b74546a7822d' -> (Import Result ID: '592d9dd6a64470a9f8e825fd6229006b') in 0.000 seconds [static dependencies only]. Details - ImportResultOutputID=c8657eaa0cd2cb7909b75292d5c2cac7 DependenciesID=a0989442b53f21c8891136d7e7395d08 StaticDependenciesID=2412cf4b705c843d874bb0f8c90adae9 
Importing 'GUID: 6d56244f8c39a851975d3c0bd432c66f - Path: Packages/com.unity.modules.terrain/package.json' with importer (PackageManifestImporter)
Imported 'GUID: 6d56244f8c39a851975d3c0bd432c66f' -> (Import Result ID: '2bbcf80a3e584bb6c9cf9dbaf43efe56') in 0.000 seconds [static dependencies only]. Details - ImportResultOutputID=90502d6040aeadff5802490839dbfee1 DependenciesID=fab4b86cd00b4fce9cda8e4348874541 StaticDependenciesID=993556da7b89ddaffe6f0c99edcba35b 
Importing 'GUID: bd1af0a6633ee94ae21c7d1d702cdc12 - Path: Packages/com.unity.modules.androidjni/package.json' with importer (PackageManifestImporter)
Imported 'GUID: bd1af0a6633ee94ae21c7d1d702cdc12' -> (Import Result ID: 'c8eb1833efe8e4eb85e56a45144f91a9') in 0.000 seconds [static dependencies only]. Details - ImportResultOutputID=d8e18e22f7cdfb17b302bb640c48380a DependenciesID=88e536a76047426dcc1e9e1ea4f686e4 StaticDependenciesID=21eca367ba0f562905a289ef8a4ce2fb 
Importing 'GUID: cd78ce5b75b8be84d8b94cd99903161f - Path: Packages/com.unity.ide.visualstudio/CONTRIBUTING.md' with importer (TextScriptImporter)
Imported 'GUID: cd78ce5b75b8be84d8b94cd99903161f' -> (Import Result ID: '90ce997c7b0b9a72c1a4bbc8359255a1') in 0.000 seconds [static dependencies only]. Details - ImportResultOutputID=2e903f86b6274379e888bf8205a28a62 DependenciesID=70fad9e9c5fb93c90ae3bc1cfaf55621 StaticDependenciesID=83a52b79b18beab5b489fe9907122b65 
Importing 'GUID: 3ec7596410385054a9e0bc90377fbe63 - Path: Packages/com.unity.test-framework/LICENSE.md' with importer (TextScriptImporter)
Imported 'GUID: 3ec7596410385054a9e0bc90377fbe63' -> (Import Result ID: '3a1c9d30bdeada97253cfb6695045bc3') in 0.001 seconds [static dependencies only]. Details - ImportResultOutputID=bba2943017dac050fc7c7408db0545e8 DependenciesID=2a5c50339c505478545b9a6b332308d4 StaticDependenciesID=979fcfe7b19f9d33c0758a6b2a5be9b4 
Importing 'GUID: 5e83f8baac96eaa47bdd9ca781cd2002 - Path: Packages/com.unity.ide.rider/CONTRIBUTING.md' with importer (TextScriptImporter)
Imported 'GUID: 5e83f8baac96eaa47bdd9ca781cd2002' -> (Import Result ID: 'df0cebd9447d1612751bd7af1f3a21de') in 0.001 seconds [static dependencies only]. Details - ImportResultOutputID=299398a35b0d6ab073c07e25e1931264 DependenciesID=4420fbc427b51d1f4f4759a393a225ad StaticDependenciesID=dbd5140748e3c8e099a6a3e5d2e4ab08 
Importing 'GUID: 7ef8348b8ea834d7e1bc214b07f7fb87 - Path: Packages/com.unity.modules.animation/package.json' with importer (PackageManifestImporter)
Imported 'GUID: 7ef8348b8ea834d7e1bc214b07f7fb87' -> (Import Result ID: '4cedd5d8a5f85afffbb4104145632e3c') in 0.001 seconds [static dependencies only]. Details - ImportResultOutputID=f0395056a319dcc75221c01663f54258 DependenciesID=9ed3cd840b867a0e993924e005f0563a StaticDependenciesID=502ba29d34a7eaa356d268e861452a60 
Importing 'GUID: 1fe9e6e1ae93cf64bbdfbd29300752e1 - Path: Packages/com.unity.ide.visualstudio/LICENSE.md' with importer (TextScriptImporter)
Imported 'GUID: 1fe9e6e1ae93cf64bbdfbd29300752e1' -> (Import Result ID: '3810f04e5a6dea9d7192322c518317fc') in 0.001 seconds [static dependencies only]. Details - ImportResultOutputID=59b2bdb7a2a944bdd850427bde77d577 DependenciesID=63009f1a6fb1b534e5b44aa1d21f03d3 StaticDependenciesID=cfdc7fb9a1450b6ca3a201af1edec05b 
Importing 'GUID: 3fdd83b151eb8d25c5e2f82fc39dcb04 - Path: Packages/com.unity.modules.unitywebrequest/package.json' with importer (PackageManifestImporter)
Imported 'GUID: 3fdd83b151eb8d25c5e2f82fc39dcb04' -> (Import Result ID: 'e5571088788d23fd4428e22f22f6a7db') in 0.000 seconds [static dependencies only]. Details - ImportResultOutputID=fb8e163230bc012e15d941d177bea461 DependenciesID=c91d13f21e3bccad2ef7e00744c5338f StaticDependenciesID=1d0d866e68fcd5cfddcc71e552e10922 
Importing 'GUID: 4f0f9b9f3ed97ad2b9ba8f1a8e4666c2 - Path: Packages/com.unity.modules.uielements/package.json' with importer (PackageManifestImporter)
Imported 'GUID: 4f0f9b9f3ed97ad2b9ba8f1a8e4666c2' -> (Import Result ID: '1bfc9901bb418f11ca0fe621fc71cb09') in 0.000 seconds [static dependencies only]. Details - ImportResultOutputID=5e68ba001faff14c1f83189ade4f3a4c DependenciesID=f491a41b1d4b31d83eae0f98a02c8ece StaticDependenciesID=420466f27035391e9a7f45e6db91820b 
Importing 'GUID: bfd567a3d1631a761bca9e99fa53d86d - Path: Packages/com.unity.modules.ui/package.json' with importer (PackageManifestImporter)
Imported 'GUID: bfd567a3d1631a761bca9e99fa53d86d' -> (Import Result ID: '71527be87ea8332350c2bf76566808c9') in 0.000 seconds [static dependencies only]. Details - ImportResultOutputID=070ad3ec6f93776b9863adf83de66b8a DependenciesID=1f402c60828fd6721e0203754a1dac0a StaticDependenciesID=31160e5343129fb35579ace2b4415f68 
Importing 'GUID: bfcb3ba499f7d452b92d9a9cc3378788 - Path: Packages/com.unity.ext.nunit/Third Party Notices.md' with importer (TextScriptImporter)
Imported 'GUID: bfcb3ba499f7d452b92d9a9cc3378788' -> (Import Result ID: 'e6cfe1d808178a6dfdb4b89ccfc62c2a') in 0.001 seconds [static dependencies only]. Details - ImportResultOutputID=13e034fa650cd897dd3935828cea6abc DependenciesID=75baafcacaf8f610432359dceece7d61 StaticDependenciesID=c41ef689649a42705725ae0c14ba6db5 
No restricted APIs configured; Validation skipped.
Checking 2 assemblies for restricted APIs found 0 usage(s) in 7 ms
AutoLocale: current locale expects 'C' but got 'en_US.UTF-8'Launched and connected shader compiler UnityShaderCompiler after 0.04 seconds
Loading style catalogs (6)
	StyleSheets/Extensions/base/common.uss
	UIPackageResources/StyleSheets/Default/Variables/Public/common.uss
	StyleSheets/Northstar/common.uss
	StyleSheets/Extensions/fonts/inter.uss
	StyleSheets/Extensions/base/dark.uss
	UIPackageResources/StyleSheets/Default/Northstar/Palette/dark.uss

Asset Pipeline Refresh (id=7f010029a46f6563ba728b9e2c0797c3): Total: 12.032 seconds - Initiated by InitialRefreshV2(ForceSynchronousImport)
	(Values over 0.05ms)
	Summary:
		Imports: total=230 (actual=230, local cache=0, cache server=0)
		Asset DB Process Time: managed=15 ms, native=1444 ms
		Asset DB Callback time: managed=247 ms, native=3003 ms
		Scripting: domain reloads=1, domain reload time=733 ms, compile time=6576 ms, other=11 ms
		Project Asset Count: scripts=169, non-scripts=61
		Asset File Changes: new=713, changed=713, moved=0, deleted=0
		Scan Filter Count: 1
	InvokePackagesCallback: 2111.527ms
	ApplyChangesToAssetFolders: 0.725ms
	Scan: 291.389ms
	Collect global state as custom dependencies: 16.233ms
	OnSourceAssetsModified: 3.621ms
	CategorizeScriptCompilationAssets: 8.659ms
	ProcessAssetsWithTransientArtifactChanges: 10.287ms
	CategorizeAssets: 6.552ms
	CompileScripts: 6576.363ms
	ImportOutOfDateAssets: 1029.669ms (762.829ms without children)
		ImportManagerImport: 223.076ms (17.086ms without children)
			UpdateCategorizedAssets: 0.921ms
		UnloadImportedAssets: 0.534ms
		ReloadImportedAssets: 0.099ms
		EnsureUptoDateAssetsAreRegisteredWithGuidPM: 0.090ms
		ImportSchedulerStart: 43.134ms
	PostProcessAllAssets: 1174.244ms
		PostProcessCallbackCreateDeferredMaterials 3.513ms
		VersionControlSettings.HiddenFilePostprocess 3.404ms
		AssemblyValidation.PostprocessAllAssets 2.335ms
		ShaderAssetModifiedCallback 2.168ms
		VCAutoAddAssetPostprocess 1.272ms
		RaytracingShaderImportPostprocess 1.143ms
		ComputeShaderImportPostprocess 1.134ms
		SpeedTreeImporter.PostprocessAllAssets 0.994ms
		LocalizationDatabase.AssetDatabasePostprocessCallback 0.985ms
		BlockShaderImporter.PostprocessAllAssets 0.496ms
		MonoPostProcessAllAssets: 244.482ms
			StyleCatalogPostProcessor.OnPostprocessAllAssets 152.332ms
			AssetPostprocessor.OnPostprocessAllAssets 23.239ms
			AssetChangedListener.OnPostprocessAllAssets 14.569ms
			WindowAssetPostprocessingWatcher.OnPostprocessAllAssets 12.007ms
			BuilderAssetPostprocessor.OnPostprocessAllAssets 10.204ms
			TextAssetPostProcessor.OnPostprocessAllAssets 3.883ms
			SyncVS.PostprocessSyncProject 2.614ms
			RetainedModeAssetPostprocessor.OnPostprocessAllAssets 2.279ms
			SpeedTree9Postprocessor.OnPostprocessAllAssets 1.743ms
			EditModeScopePostprocessor.OnPostprocessAllAssets 1.359ms
			ArtifactBrowserPostProcessor.OnPostprocessAllAssets 0.850ms
			ReferencedClipsPostProcessor.OnPostprocessAllAssets 0.493ms
			AudioMixerPostprocessor.OnPostprocessAllAssets 0.434ms
			AssetEvents.OnPostprocessAllAssets 0.388ms
			TerrainToolbarOverlayPostProcessor.OnPostprocessAllAssets 0.358ms
			SpeedTreePostProcessor.OnPostprocessAllAssets 0.313ms
			ThemePostprocessor.OnPostprocessAllAssets 0.275ms
			AssetDatabaseCallbacks.OnPostprocessAllAssets 0.253ms
			ConfigAssetsTracker.OnPostprocessAllAssets 0.228ms
			RenderPipelineGlobalSettingsPostprocessor.OnPostprocessAllAssets 0.204ms
			ScenarioDriftAssetsTracker.OnPostprocessAllAssets 0.202ms
			AudioContainerPostProcessor.OnPostprocessAllAssets 0.115ms
	PostAssetChangesProfiler: 3.736ms
	UnloadStreamsBegin: 3.418ms
	PersistCurrentRevisions: 0.260ms
	Untracked: 828.792ms

Application.AssetDatabase Initial Refresh End
Scanning for USB devices : 2.381ms
Initializing Unity extensions:
UpdateMenuTitleForLanguage: 10
[MODES] ModeService[none].Initialize
[MODES] ModeService[none].LoadModes
[MODES] Loading mode Default (0) for mode-current-id-Assets
Unloading 3 Unused Serialized files (Serialized files now loaded: 0)
Unloading 497 unused Assets / (362.0 KB). Loaded Objects now: 1302.
Memory consumption went from 126.1 MB to 125.8 MB.
Total: 16.367199 ms (FindLiveObjects: 0.336996 ms CreateObjectMapping: 0.044360 ms MarkObjects: 15.069411 ms  DeleteObjects: 0.582539 ms)

[LAYOUT] About to load /home/sgarciav/.config/unity3d/Preferences/Editor-5.x/Layouts/current/default-6000.dwlt, keepMainWindow=False
Worker ready: AssetImportWorkerHW0 0
Unhandled description string [
Unhandled description string ]
GLX Extensions: GLX_ARB_context_flush_control GLX_ARB_create_context GLX_ARB_create_context_no_error GLX_ARB_create_context_profile GLX_ARB_create_context_robustness GLX_ARB_fbconfig_float GLX_ARB_framebuffer_sRGB GLX_ARB_get_proc_address GLX_ARB_multisample GLX_EXT_buffer_age GLX_EXT_create_context_es2_profile GLX_EXT_create_context_es_profile GLX_EXT_fbconfig_packed_float GLX_EXT_framebuffer_sRGB GLX_EXT_no_config_context GLX_EXT_swap_control GLX_EXT_swap_control_tear GLX_EXT_texture_from_pixmap GLX_EXT_visual_info GLX_EXT_visual_rating GLX_INTEL_swap_event GLX_MESA_copy_sub_buffer GLX_MESA_gl_interop GLX_MESA_query_renderer GLX_MESA_swap_control GLX_OML_sync_control GLX_SGIS_multisample GLX_SGIX_fbconfig GLX_SGIX_pbuffer GLX_SGIX_visual_select_group GLX_SGI_make_current_read GLX_SGI_swap_control GLX_SGI_video_sync 
GLX Extensions: GLX_ARB_context_flush_control GLX_ARB_create_context GLX_ARB_create_context_no_error GLX_ARB_create_context_profile GLX_ARB_create_context_robustness GLX_ARB_fbconfig_float GLX_ARB_framebuffer_sRGB GLX_ARB_get_proc_address GLX_ARB_multisample GLX_EXT_buffer_age GLX_EXT_create_context_es2_profile GLX_EXT_create_context_es_profile GLX_EXT_fbconfig_packed_float GLX_EXT_framebuffer_sRGB GLX_EXT_no_config_context GLX_EXT_swap_control GLX_EXT_swap_control_tear GLX_EXT_texture_from_pixmap GLX_EXT_visual_info GLX_EXT_visual_rating GLX_INTEL_swap_event GLX_MESA_copy_sub_buffer GLX_MESA_gl_interop GLX_MESA_query_renderer GLX_MESA_swap_control GLX_OML_sync_control GLX_SGIS_multisample GLX_SGIX_fbconfig GLX_SGIX_pbuffer GLX_SGIX_visual_select_group GLX_SGI_make_current_read GLX_SGI_swap_control GLX_SGI_video_sync 
GLX Extensions: GLX_ARB_context_flush_control GLX_ARB_create_context GLX_ARB_create_context_no_error GLX_ARB_create_context_profile GLX_ARB_create_context_robustness GLX_ARB_fbconfig_float GLX_ARB_framebuffer_sRGB GLX_ARB_get_proc_address GLX_ARB_multisample GLX_EXT_buffer_age GLX_EXT_create_context_es2_profile GLX_EXT_create_context_es_profile GLX_EXT_fbconfig_packed_float GLX_EXT_framebuffer_sRGB GLX_EXT_no_config_context GLX_EXT_swap_control GLX_EXT_swap_control_tear GLX_EXT_texture_from_pixmap GLX_EXT_visual_info GLX_EXT_visual_rating GLX_INTEL_swap_event GLX_MESA_copy_sub_buffer GLX_MESA_gl_interop GLX_MESA_query_renderer GLX_MESA_swap_control GLX_OML_sync_control GLX_SGIS_multisample GLX_SGIX_fbconfig GLX_SGIX_pbuffer GLX_SGIX_visual_select_group GLX_SGI_make_current_read GLX_SGI_swap_control GLX_SGI_video_sync 
GLX Extensions: GLX_ARB_context_flush_control GLX_ARB_create_context GLX_ARB_create_context_no_error GLX_ARB_create_context_profile GLX_ARB_create_context_robustness GLX_ARB_fbconfig_float GLX_ARB_framebuffer_sRGB GLX_ARB_get_proc_address GLX_ARB_multisample GLX_EXT_buffer_age GLX_EXT_create_context_es2_profile GLX_EXT_create_context_es_profile GLX_EXT_fbconfig_packed_float GLX_EXT_framebuffer_sRGB GLX_EXT_no_config_context GLX_EXT_swap_control GLX_EXT_swap_control_tear GLX_EXT_texture_from_pixmap GLX_EXT_visual_info GLX_EXT_visual_rating GLX_INTEL_swap_event GLX_MESA_copy_sub_buffer GLX_MESA_gl_interop GLX_MESA_query_renderer GLX_MESA_swap_control GLX_OML_sync_control GLX_SGIS_multisample GLX_SGIX_fbconfig GLX_SGIX_pbuffer GLX_SGIX_visual_select_group GLX_SGI_make_current_read GLX_SGI_swap_control GLX_SGI_video_sync 
GLX Extensions: GLX_ARB_context_flush_control GLX_ARB_create_context GLX_ARB_create_context_no_error GLX_ARB_create_context_profile GLX_ARB_create_context_robustness GLX_ARB_fbconfig_float GLX_ARB_framebuffer_sRGB GLX_ARB_get_proc_address GLX_ARB_multisample GLX_EXT_buffer_age GLX_EXT_create_context_es2_profile GLX_EXT_create_context_es_profile GLX_EXT_fbconfig_packed_float GLX_EXT_framebuffer_sRGB GLX_EXT_no_config_context GLX_EXT_swap_control GLX_EXT_swap_control_tear GLX_EXT_texture_from_pixmap GLX_EXT_visual_info GLX_EXT_visual_rating GLX_INTEL_swap_event GLX_MESA_copy_sub_buffer GLX_MESA_gl_interop GLX_MESA_query_renderer GLX_MESA_swap_control GLX_OML_sync_control GLX_SGIS_multisample GLX_SGIX_fbconfig GLX_SGIX_pbuffer GLX_SGIX_visual_select_group GLX_SGI_make_current_read GLX_SGI_swap_control GLX_SGI_video_sync 
GLX Extensions: GLX_ARB_context_flush_control GLX_ARB_create_context GLX_ARB_create_context_no_error GLX_ARB_create_context_profile GLX_ARB_create_context_robustness GLX_ARB_fbconfig_float GLX_ARB_framebuffer_sRGB GLX_ARB_get_proc_address GLX_ARB_multisample GLX_EXT_buffer_age GLX_EXT_create_context_es2_profile GLX_EXT_create_context_es_profile GLX_EXT_fbconfig_packed_float GLX_EXT_framebuffer_sRGB GLX_EXT_no_config_context GLX_EXT_swap_control GLX_EXT_swap_control_tear GLX_EXT_texture_from_pixmap GLX_EXT_visual_info GLX_EXT_visual_rating GLX_INTEL_swap_event GLX_MESA_copy_sub_buffer GLX_MESA_gl_interop GLX_MESA_query_renderer GLX_MESA_swap_control GLX_OML_sync_control GLX_SGIS_multisample GLX_SGIX_fbconfig GLX_SGIX_pbuffer GLX_SGIX_visual_select_group GLX_SGI_make_current_read GLX_SGI_swap_control GLX_SGI_video_sync 
[LAYOUT] About to save layout /home/sgarciav/git-repos/KinectGame_FB/Assets/UserSettings/Layouts/default-6000.dwlt
[LAYOUT] About to save layout /home/sgarciav/.config/unity3d/Preferences/Editor-5.x/Layouts/current/default-6000.dwlt
[MODES] ModeService[default].InitializeCurrentMode
[MODES] ModeService[default].RaiseModeChanged(default, default)
This project uses Input Manager, which is marked for deprecation. To manage input in your project, use the <a href="https://docs.unity3d.com/Packages/com.unity.inputsystem@latest">Input System package</a> instead.
Unhandled description string [
Unhandled description string ]
Unhandled description string [
Unhandled description string ]
[Project] Loading completed in 27.366 seconds
	Project init time: 				23.324 seconds
		Template init time: 		0.000 seconds
		Package Manager init time: 		0.451 seconds
		Asset Database init time: 		7.466 seconds
		Global illumination init time: 	0.011 seconds
		Assemblies load time: 			2.785 seconds
		Unity extensions init time: 	0.001 seconds
		Asset Database refresh time: 	12.036 seconds
	Scene opening time: 			2.352 seconds
##utp:{"type":"ProjectInfo","version":2,"phase":"Immediate","time":1790886584829,"processId":8893,"projectLoad":27.366413658,"projectInit":23.324378828,"templateInit":0.0,"packageManagerInit":0.450939053,"assetDatabaseInit":7.466069107,"globalIlluminationInit":0.010799133,"assembliesLoad":2.78513696,"unityExtensionsInit":0.001462267,"assetDatabaseRefresh":12.035896245,"sceneOpening":2.351789841}
##utp:{"type":"EditorInfo","version":2,"phase":"Immediate","time":1790886584829,"processId":8893,"editorVersion":"6000.6.3f1 (45d8eee7de74)","branch":"6000.6/staging","buildType":"Release","platform":"Linux"}
[MODES] ModeService[default].LoadModes
Start Indexing on Editor startup
[Indexing] Starting Initial Indexing for Assets
Created GICache directory at /home/sgarciav/.cache/unity3d/GiCache. Took: 0.005s, timestamps: [27.405 - 27.410]
Starting new worker id: 1 with log in /home/sgarciav/git-repos/KinectGame_FB/Assets/Logs/AssetImportWorkerHW1.log
[Licensing::Client] Successfully resolved entitlement details
[Licensing::Client] Successfully resolved entitlement details
[Licensing::Client] Successfully resolved entitlement details
[Worker0] Imported GUID: b73b3de0d473d4a1c887ab31f69b1a8d - Path: Packages/com.unity.ide.visualstudio/Editor/Testing/TestAdaptor.cs - Importer: ScriptedImporter/UnityEditor.QuickSearchModule:UnityEditor.Search:ASIAI0B -> (ImportResultId: '6809d403157e9b0a14607f2d4ceca754') in 0.144952032 seconds
Starting new worker id: 2 with log in /home/sgarciav/git-repos/KinectGame_FB/Assets/Logs/AssetImportWorkerHW2.log
[Worker0] Imported GUID: fbbb1ee655846b043baf6c3502b5ce49 - Path: Packages/com.unity.ide.visualstudio/Editor/SolutionParser.cs - Importer: ScriptedImporter/UnityEditor.QuickSearchModule:UnityEditor.Search:ASIAI0B -> (ImportResultId: '707ad9005d0afec422cac64c415a0195') in 0.002931489 seconds
[Worker0] Imported GUID: a3f71b076c36a204a864f8c44142b3a9 - Path: Packages/com.unity.ide.visualstudio/ValidationConfig.json - Importer: ScriptedImporter/UnityEditor.QuickSearchModule:UnityEditor.Search:ASIAI0B -> (ImportResultId: '0357fd9178ee232de14c96013edafac3') in 0.002875472 seconds
[Worker0] Imported GUID: 5c1b8a755d2c97640bbb207c43f4cf61 - Path: Packages/com.unity.ide.visualstudio/Editor/SolutionProjectEntry.cs - Importer: ScriptedImporter/UnityEditor.QuickSearchModule:UnityEditor.Search:ASIAI0B -> (ImportResultId: '9915f3f510bfe7e9dcfa9df992b21fd3') in 0.001840584 seconds
[Worker0] Imported GUID: f7b5530092b3a7646bdc7865f1f6ee94 - Path: Packages/com.unity.ide.visualstudio/Editor/Cli.cs - Importer: ScriptedImporter/UnityEditor.QuickSearchModule:UnityEditor.Search:ASIAI0B -> (ImportResultId: 'f61856c91a7c35bc4eb63664d0239298') in 0.00230873 seconds
[Worker0] Imported GUID: 3070b6395b0f5f04faaab13164c6256d - Path: Packages/com.unity.ide.visualstudio/Editor/ProjectGeneration/LegacyStyleProjectGeneration.cs - Importer: ScriptedImporter/UnityEditor.QuickSearchModule:UnityEditor.Search:ASIAI0B -> (ImportResultId: '70a4456f55fa529f8625f1c010711cfa') in 0.003778305 seconds
[Worker0] Imported GUID: b9308b762484008498bb5cd1886aa491 - Path: Packages/com.unity.ide.visualstudio/Editor/Symbols.cs - Importer: ScriptedImporter/UnityEditor.QuickSearchModule:UnityEditor.Search:ASIAI0B -> (ImportResultId: 'd26e5c3249a1d963401f47d0b3623a82') in 0.001612362 seconds
[Worker0] Imported GUID: cd78ce5b75b8be84d8b94cd99903161f - Path: Packages/com.unity.ide.visualstudio/CONTRIBUTING.md - Importer: ScriptedImporter/UnityEditor.QuickSearchModule:UnityEditor.Search:ASIAI0B -> (ImportResultId: 'd6b4462112b587e5edeca160fee1fc2d') in 0.001901471 seconds
[Worker0] Imported GUID: ffe1bdf971d321f4db593c4c6ebd6e47 - Path: Packages/com.unity.ide.visualstudio/Editor/VersionPair.cs - Importer: ScriptedImporter/UnityEditor.QuickSearchModule:UnityEditor.Search:ASIAI0B -> (ImportResultId: '389e7103412c03633fb6c237769bafb5') in 0.001991367 seconds
[Worker0] Imported GUID: 0173aff8c07e06b42af07ebdd7f08032 - Path: Packages/com.unity.ide.visualstudio/Editor/VisualStudioEditor.cs - Importer: ScriptedImporter/UnityEditor.QuickSearchModule:UnityEditor.Search:ASIAI0B -> (ImportResultId: 'a9a5b3057192f5f9ac3519286a1def7f') in 0.003472354 seconds
[Worker0] Imported GUID: 48fcd6ebd5ce8fd4cbe931895233677d - Path: Packages/com.unity.ide.visualstudio/Editor/VisualStudioIntegration.cs - Importer: ScriptedImporter/UnityEditor.QuickSearchModule:UnityEditor.Search:ASIAI0B -> (ImportResultId: '35e32e6f8d200afee252bf75e2fe7497') in 0.003248378 seconds
[Worker0] Imported GUID: 553737203d61a8109f9544a97201e1aa - Path: Packages/com.unity.modules.unitywebrequestaudio/package.ModuleCompilationTrigger - Importer: ScriptedImporter/UnityEditor.QuickSearchModule:UnityEditor.Search:ASIAI0B -> (ImportResultId: '6d49cc73277f8ba189d46f6ff9f856b2') in 0.007028286 seconds
[Worker0] Imported GUID: fa7011e2ea1ff024083fea2179f3df08 - Path: Packages/com.unity.ide.visualstudio/Editor/ProjectGeneration/ProjectProperties.cs - Importer: ScriptedImporter/UnityEditor.QuickSearchModule:UnityEditor.Search:ASIAI0B -> (ImportResultId: '03294ea8ba847a06cda47394b1235520') in 0.00332441 seconds
[Worker0] Imported GUID: ed8e7c93c781e48df93d063a3c0d2972 - Path: Packages/com.unity.ide.visualstudio/Editor/SimpleJSON.cs - Importer: ScriptedImporter/UnityEditor.QuickSearchModule:UnityEditor.Search:ASIAI0B -> (ImportResultId: 'd95a58a86dc060fb7c990939355857aa') in 0.001884894 seconds
[Worker0] Imported GUID: 369c09afe05d2c346af49faef943c773 - Path: Packages/com.unity.ide.visualstudio/Editor/Messaging/Serializer.cs - Importer: ScriptedImporter/UnityEditor.QuickSearchModule:UnityEditor.Search:ASIAI0B -> (ImportResultId: 'f9d88e9c9ffadb2eef02b2ff2dd4ba73') in 0.001452414 seconds
[Worker0] Imported GUID: af4c2c762e1d8e949a6bc458973df6e7 - Path: Packages/com.unity.ide.visualstudio/Editor/Solution.cs - Importer: ScriptedImporter/UnityEditor.QuickSearchModule:UnityEditor.Search:ASIAI0B -> (ImportResultId: 'bdabe4e75d9d1b16165b06818009500b') in 0.00184398 seconds
[Worker0] Imported GUID: a8c76505bcc613640ade706bdb0f1cba - Path: Packages/com.unity.ide.visualstudio/Editor/UnityInstallation.cs - Importer: ScriptedImporter/UnityEditor.QuickSearchModule:UnityEditor.Search:ASIAI0B -> (ImportResultId: 'b92ac79288556e0c9d1e9108c37bb530') in 0.001472416 seconds
[Worker0] Imported GUID: 555fcccd6b79a864f83e7a319daa1c3e - Path: Packages/com.unity.ide.visualstudio/Editor/ProjectGeneration/ProjectGenerationFlag.cs - Importer: ScriptedImporter/UnityEditor.QuickSearchModule:UnityEditor.Search:ASIAI0B -> (ImportResultId: '52c3b6c1a3fd620743ce485e08163e60') in 0.001383535 seconds
[Worker0] Imported GUID: 6022bdd5b2896a54f94123b812705321 - Path: Packages/com.unity.ide.visualstudio/CHANGELOG.md - Importer: ScriptedImporter/UnityEditor.QuickSearchModule:UnityEditor.Search:ASIAI0B -> (ImportResultId: '364f51eb891230994d1b97d3a31c344c') in 0.001611838 seconds
[Worker0] Imported GUID: 917a51fff055ce547b4ad1215321f3da - Path: Packages/com.unity.ide.visualstudio/Editor/Messaging/ExceptionEventArgs.cs - Importer: ScriptedImporter/UnityEditor.QuickSearchModule:UnityEditor.Search:ASIAI0B -> (ImportResultId: 'fc756236027682120d3b52c1fd9321c8') in 0.001537144 seconds
[Worker0] Imported GUID: cbccb6292dce08a489e6e742243154e7 - Path: Packages/com.unity.ide.visualstudio/Editor/KnownAssemblies.cs - Importer: ScriptedImporter/UnityEditor.QuickSearchModule:UnityEditor.Search:ASIAI0B -> (ImportResultId: '29d904aa80fe3118f3b60849465c6777') in 0.001398303 seconds
[Worker0] Imported GUID: 1fe9e6e1ae93cf64bbdfbd29300752e1 - Path: Packages/com.unity.ide.visualstudio/LICENSE.md - Importer: ScriptedImporter/UnityEditor.QuickSearchModule:UnityEditor.Search:ASIAI0B -> (ImportResultId: '812c4ac3e3679391d4df644ff5dc00de') in 0.002673127 seconds
[Worker0] Imported GUID: ec80b1fb8938b3b4ab442d10390c5315 - Path: Packages/com.unity.ide.visualstudio/Editor/ProjectGeneration/FileIOProvider.cs - Importer: ScriptedImporter/UnityEditor.QuickSearchModule:UnityEditor.Search:ASIAI0B -> (ImportResultId: '4040c514e562b3415047ab54393508f4') in 0.00152712 seconds
[Worker0] Imported GUID: 788fbcfc0abc6c54b9504cfee3176c22 - Path: Packages/com.unity.ide.visualstudio/ValidationExceptions.json - Importer: ScriptedImporter/UnityEditor.QuickSearchModule:UnityEditor.Search:ASIAI0B -> (ImportResultId: '8fa18aa7388c4d155d38a3f79331e733') in 0.001498911 seconds
[Worker0] Imported GUID: 829d4d6bc39fd1044ba4c5fc2a9c911f - Path: Packages/com.unity.ide.visualstudio/Editor/SolutionProperties.cs - Importer: ScriptedImporter/UnityEditor.QuickSearchModule:UnityEditor.Search:ASIAI0B -> (ImportResultId: '16b394f80f28b6d8622b1655b3fa5427') in 0.001369351 seconds
[Worker0] Imported GUID: e8aed47cdce10fd4cae32fefa2c34f8f - Path: Packages/com.unity.ide.visualstudio/Editor/ProjectGeneration/SdkStyleProjectGeneration.cs - Importer: ScriptedImporter/UnityEditor.QuickSearchModule:UnityEditor.Search:ASIAI0B -> (ImportResultId: '49f2df773c1c473b45eaa605434a8cf0') in 0.001310561 seconds
[Worker0] Imported GUID: a31a332ce3485f00f7df8d987302a29c - Path: Packages/com.unity.modules.unitywebrequesttexture/package.ModuleCompilationTrigger - Importer: ScriptedImporter/UnityEditor.QuickSearchModule:UnityEditor.Search:ASIAI0B -> (ImportResultId: 'b0313f212ea6c73af13e2c4811f76e2b') in 0.001359087 seconds
[Worker0] Imported GUID: d791d407901442e49862d3aa783ce8af - Path: Packages/com.unity.ide.visualstudio/Editor/AssemblyInfo.cs - Importer: ScriptedImporter/UnityEditor.QuickSearchModule:UnityEditor.Search:ASIAI0B -> (ImportResultId: '06020359e1fff3f2b82fe6e7c7b55713') in 0.001270653 seconds
[Worker0] Imported GUID: 5e249ae353801f043a6e4173410c6152 - Path: Packages/com.unity.ide.visualstudio/Editor/Messaging/Messenger.cs - Importer: ScriptedImporter/UnityEditor.QuickSearchModule:UnityEditor.Search:ASIAI0B -> (ImportResultId: '234b07a8a8a32f2f762b0ba1f9bbb12c') in 0.001316782 seconds
[Worker0] Imported GUID: be7ef402265a7a549b2e43c11d1a22c5 - Path: Packages/com.unity.ide.visualstudio/Editor/VisualStudioForWindowsInstallation.cs - Importer: ScriptedImporter/UnityEditor.QuickSearchModule:UnityEditor.Search:ASIAI0B -> (ImportResultId: 'a4e7083d4076efbc28f8448b0e6f5a84') in 0.003714852 seconds
[Worker0] Imported GUID: 4b518b37798c97b0f860962cbf615533 - Path: Packages/com.unity.modules.unitywebrequestaudio/package.json - Importer: ScriptedImporter/UnityEditor.QuickSearchModule:UnityEditor.Search:ASIAI0B -> (ImportResultId: 'dc3ade0e6745abfc6352c89a5e2e7d54') in 0.001730801 seconds
[Worker0] Imported GUID: 656f74f6edaa396458412b9e3903d8cd - Path: Packages/com.unity.ide.visualstudio/package.json - Importer: ScriptedImporter/UnityEditor.QuickSearchModule:UnityEditor.Search:ASIAI0B -> (ImportResultId: 'b13fe4e80526ccdd5e9e0e20b52ff315') in 0.002315821 seconds
[Worker0] Imported GUID: 8e6c7ea7c059fb547b6723aaf225900b - Path: Packages/com.unity.ide.visualstudio/Editor/Image.cs - Importer: ScriptedImporter/UnityEditor.QuickSearchModule:UnityEditor.Search:ASIAI0B -> (ImportResultId: 'b52551732e5e1f87940136428b8684ef') in 0.001394776 seconds
[Worker0] Imported GUID: de1c9ea7b82c9904d9e5fba2ee70a998 - Path: Packages/com.unity.ide.visualstudio/Editor/Messaging/Message.cs - Importer: ScriptedImporter/UnityEditor.QuickSearchModule:UnityEditor.Search:ASIAI0B -> (ImportResultId: '8cae3a3d5a73abbf0e7409175708fd2d') in 0.001796096 seconds
[Worker0] Imported GUID: a1c42005fe7c5d78585a77ce396a5eea - Path: Packages/com.unity.modules.tilemap/package.ModuleCompilationTrigger - Importer: ScriptedImporter/UnityEditor.QuickSearchModule:UnityEditor.Search:ASIAI0B -> (ImportResultId: '00e8e0a306ef63816c1a84202d958a9d') in 0.001525946 seconds
[Worker0] Imported GUID: fae6007c1ac2cc744b2891fd4d279c96 - Path: Packages/com.unity.ide.visualstudio/Editor/Testing/TestRunnerCallbacks.cs - Importer: ScriptedImporter/UnityEditor.QuickSearchModule:UnityEditor.Search:ASIAI0B -> (ImportResultId: 'bd338256d659f589b4442ca3c0393fe7') in 0.001630445 seconds
[Worker0] Imported GUID: ded625cf0d03fa94c9f939fd13ced18d - Path: Packages/com.unity.ide.visualstudio/Editor/Messaging/TcpListener.cs - Importer: ScriptedImporter/UnityEditor.QuickSearchModule:UnityEditor.Search:ASIAI0B -> (ImportResultId: 'cd9b17ff6cde006e7207a183472d7439') in 0.001251942 seconds
[Worker0] Imported GUID: cbb1a39d56ce4d9ac1a46ac505893fa7 - Path: Packages/com.unity.modules.terrainphysics/package.ModuleCompilationTrigger - Importer: ScriptedImporter/UnityEditor.QuickSearchModule:UnityEditor.Search:ASIAI0B -> (ImportResultId: 'c3151bb18423b4f2d4339b6204b2f1a7') in 0.001362398 seconds
[Worker0] Imported GUID: bb86eea06f54fb24caa7046a8a764945 - Path: Packages/com.unity.ide.visualstudio/Editor/VisualStudioInstallation.cs - Importer: ScriptedImporter/UnityEditor.QuickSearchModule:UnityEditor.Search:ASIAI0B -> (ImportResultId: '04777a7b012e31859c7fae726c97fd82') in 0.00132111 seconds
[Worker0] Imported GUID: c6c8b2f6152bd1348ae35f9f95719f75 - Path: Packages/com.unity.ide.visualstudio/Editor/AsyncOperation.cs - Importer: ScriptedImporter/UnityEditor.QuickSearchModule:UnityEditor.Search:ASIAI0B -> (ImportResultId: '02c64e656a7f4960821fd8b85a183ccc') in 0.0012915 seconds
[Worker0] Imported GUID: 40bf3cec17fa0b49fe04443c8332d638 - Path: Packages/com.unity.modules.jsonserialize/package.json - Importer: ScriptedImporter/UnityEditor.QuickSearchModule:UnityEditor.Search:ASIAI0B -> (ImportResultId: 'a143e5222c52d512478f54a889806541') in 0.001312561 seconds
[Worker0] Imported GUID: 0b59b40c84c6a5348a188c16b17c7b40 - Path: Packages/com.unity.ide.visualstudio/Editor/Testing/TestRunnerApiListener.cs - Importer: ScriptedImporter/UnityEditor.QuickSearchModule:UnityEditor.Search:ASIAI0B -> (ImportResultId: '733cc05eacaf0b9db2700a107679b01b') in 0.001244516 seconds
[Worker0] Imported GUID: f3edbdc86577af648a23263aa75161e1 - Path: Packages/com.unity.ide.visualstudio/Editor/Messaging/MessageType.cs - Importer: ScriptedImporter/UnityEditor.QuickSearchModule:UnityEditor.Search:ASIAI0B -> (ImportResultId: '1671dc068e80f2dbe926aafd26f60f44') in 0.00122127 seconds
[Worker0] Imported GUID: 5a7aba2d3d458e04eb4210c0303fbf64 - Path: Packages/com.unity.ide.visualstudio/Editor/UsageUtility.cs - Importer: ScriptedImporter/UnityEditor.QuickSearchModule:UnityEditor.Search:ASIAI0B -> (ImportResultId: 'f5d478cb699d3e6f518f28f400657246') in 0.001293822 seconds
[Worker0] Imported GUID: d3cbe921f7b3d9a3257e7c61a5761796 - Path: Packages/com.unity.modules.terrainphysics/package.json - Importer: ScriptedImporter/UnityEditor.QuickSearchModule:UnityEditor.Search:ASIAI0B -> (ImportResultId: 'aa704c2caef15b0c2755f314a3016549') in 0.001287961 seconds
[Worker0] Imported GUID: 9f3705b95d031e84c82f140d8e980867 - Path: Packages/com.unity.ide.visualstudio/Editor/ProjectGeneration/ProjectGeneration.cs - Importer: ScriptedImporter/UnityEditor.QuickSearchModule:UnityEditor.Search:ASIAI0B -> (ImportResultId: '2bbc2a71dc1e83005ca10ce55d4d7f61') in 0.001303359 seconds
[Worker0] Imported GUID: abe003ac6fee32e4892100a78f555011 - Path: Packages/com.unity.ide.visualstudio/Editor/Discovery.cs - Importer: ScriptedImporter/UnityEditor.QuickSearchModule:UnityEditor.Search:ASIAI0B -> (ImportResultId: 'fe325ba8f99e453a962f733aabfa55e6') in 0.002341165 seconds
[Worker0] Imported GUID: 6f1dc05fb6e7d3e4f89ae9ca482735be - Path: Packages/com.unity.ide.visualstudio/Editor/FileUtility.cs - Importer: ScriptedImporter/UnityEditor.QuickSearchModule:UnityEditor.Search:ASIAI0B -> (ImportResultId: '15852b066d6ca001baa6647e4425bea9') in 0.002974098 seconds
[Worker0] Imported GUID: c94f13e05ef0a7a49bdd39f197f39e5e - Path: Packages/com.unity.ide.visualstudio/Editor/ProjectGeneration/GeneratorFactory.cs - Importer: ScriptedImporter/UnityEditor.QuickSearchModule:UnityEditor.Search:ASIAI0B -> (ImportResultId: 'c09f1032242bffe387a68ed1812e62ca') in 0.002994482 seconds
[Worker0] Imported GUID: 7809f42f64c877f4b90ac233e5ec2372 - Path: Packages/com.unity.ide.visualstudio/ThirdPartyNotices.md - Importer: ScriptedImporter/UnityEditor.QuickSearchModule:UnityEditor.Search:ASIAI0B -> (ImportResultId: '33abe15d5585eafa444c607eb2de86dc') in 0.003016052 seconds
[Worker0] Imported GUID: f6674c38820d12a49ac116d416521d85 - Path: Packages/com.unity.ide.visualstudio/Editor/Messaging/TcpClient.cs - Importer: ScriptedImporter/UnityEditor.QuickSearchModule:UnityEditor.Search:ASIAI0B -> (ImportResultId: '92a6178e1a100f2104994e49b0872865') in 0.003044061 seconds
[Worker0] Imported GUID: d0e3ad91972c66f5238f5b9b7d5ae58a - Path: Packages/com.unity.modules.unitywebrequesttexture/package.json - Importer: ScriptedImporter/UnityEditor.QuickSearchModule:UnityEditor.Search:ASIAI0B -> (ImportResultId: '3309233eda6f1d1bdb7af22653648597') in 0.002941829 seconds
[Worker0] Imported GUID: 1be5c96ff30e6ec40876f28fd9ab7e24 - Path: Packages/com.unity.ide.visualstudio/Editor/VisualStudioCodeInstallation.cs - Importer: ScriptedImporter/UnityEditor.QuickSearchModule:UnityEditor.Search:ASIAI0B -> (ImportResultId: '139e19a8a3a2f6140676275e51876499') in 0.003264548 seconds
[Worker0] Imported GUID: 3eda7a83649158546826efb3ffe6c1e3 - Path: Packages/com.unity.ide.visualstudio/Editor/Messaging/Deserializer.cs - Importer: ScriptedImporter/UnityEditor.QuickSearchModule:UnityEditor.Search:ASIAI0B -> (ImportResultId: '9ee46a1e48290621f18d297342ffb23c') in 0.002654433 seconds
[Worker0] Imported GUID: e6a135e3ea9cb46795d1b0e05ac3e1e5 - Path: Packages/com.unity.modules.jsonserialize/package.ModuleCompilationTrigger - Importer: ScriptedImporter/UnityEditor.QuickSearchModule:UnityEditor.Search:ASIAI0B -> (ImportResultId: '62cfc8e26fb75d9836846dee6b39fc6b') in 0.001600661 seconds
[Worker0] Imported GUID: f47f2d030bc1d415a8d15a51dbcc39a2 - Path: Packages/com.unity.ide.visualstudio/Editor/Testing/TestResultAdaptor.cs - Importer: ScriptedImporter/UnityEditor.QuickSearchModule:UnityEditor.Search:ASIAI0B -> (ImportResultId: 'e2db3589be3f91e9878434eeb527f259') in 0.001472618 seconds
[Worker0] Imported GUID: 957a5f2d2660a894d926660de2a9d577 - Path: Packages/com.unity.ide.visualstudio/Editor/ProcessRunner.cs - Importer: ScriptedImporter/UnityEditor.QuickSearchModule:UnityEditor.Search:ASIAI0B -> (ImportResultId: 'bbe0d593dc51c44cdbcb78076096a539') in 0.004550808 seconds
[Worker0] Imported GUID: b93f844d45cfcc44fa2b0eed5c9ec6bb - Path: Packages/com.unity.ide.visualstudio/Editor/com.unity.ide.visualstudio.asmdef - Importer: ScriptedImporter/UnityEditor.QuickSearchModule:UnityEditor.Search:ASIAI0B -> (ImportResultId: '302c30d9078cbc40458c511cec0510b1') in 0.007729826 seconds
[Worker0] Imported GUID: eeb21ffd7b0188542b348935f4b04fe8 - Path: Packages/com.unity.ide.visualstudio/Editor/ProjectGeneration/TypeCacheHelper.cs - Importer: ScriptedImporter/UnityEditor.QuickSearchModule:UnityEditor.Search:ASIAI0B -> (ImportResultId: '1f253362e611055e5b36ab22730fc0b0') in 0.002070731 seconds
[Worker0] Imported GUID: 275143c81d816ef4286fdc67aabc20c8 - Path: Packages/com.unity.ide.visualstudio/Editor/Messaging/MessageEventArgs.cs - Importer: ScriptedImporter/UnityEditor.QuickSearchModule:UnityEditor.Search:ASIAI0B -> (ImportResultId: '808fc25a37402b5d31766b1a17c5b719') in 0.00139609 seconds
[Worker0] Imported GUID: 7652904b1008e324fb7cfb952ea87656 - Path: Packages/com.unity.ide.visualstudio/Editor/ProjectGeneration/GUIDProvider.cs - Importer: ScriptedImporter/UnityEditor.QuickSearchModule:UnityEditor.Search:ASIAI0B -> (ImportResultId: '7f4cb0487fc472aee1478fa929e2ab44') in 0.001430671 seconds
[Worker0] Imported GUID: 38cb3a4a17d2cfd41926da95ce675934 - Path: Packages/com.unity.ide.visualstudio/Editor/Messaging/UdpSocket.cs - Importer: ScriptedImporter/UnityEditor.QuickSearchModule:UnityEditor.Search:ASIAI0B -> (ImportResultId: '9157dcfceeaa98b5ed8f1224777067ba') in 0.001361023 seconds
[Worker0] Imported GUID: 57537f08f8e923f488e4aadabb831c9b - Path: Packages/com.unity.ide.visualstudio/Editor/ProjectGeneration/AssemblyNameProvider.cs - Importer: ScriptedImporter/UnityEditor.QuickSearchModule:UnityEditor.Search:ASIAI0B -> (ImportResultId: '76b3e0454a8d3eea35df79f25e5668f8') in 0.001405556 seconds
[Worker0] Imported GUID: 92a378669877c05c6071d0fed687bb95 - Path: Packages/com.unity.modules.tilemap/package.json - Importer: ScriptedImporter/UnityEditor.QuickSearchModule:UnityEditor.Search:ASIAI0B -> (ImportResultId: '1d58477253c433df74db3885918a09d2') in 0.001302998 seconds
[Package Manager] Done resolving packages in 1.25 seconds
[Licensing::Client] Successfully resolved entitlement details
Unhandled description string [
Unhandled description string ]
[Package Manager] Registered 45 packages:
  Packages from [https://packages.unity.com]:
    com.unity.ide.rider@3.0.38 (location: /home/sgarciav/git-repos/KinectGame_FB/Assets/Library/PackageCache/com.unity.ide.rider@1f60b3138684)
    com.unity.ide.visualstudio@2.0.26 (location: /home/sgarciav/git-repos/KinectGame_FB/Assets/Library/PackageCache/com.unity.ide.visualstudio@a99d56dec63f)
    com.unity.sdk.linux-x86_64@1.1.0 (location: /home/sgarciav/git-repos/KinectGame_FB/Assets/Library/PackageCache/com.unity.sdk.linux-x86_64@6d12be270055)
    com.unity.toolchain.linux-x86_64-linux@1.1.0 (location: /home/sgarciav/git-repos/KinectGame_FB/Assets/Library/PackageCache/com.unity.toolchain.linux-x86_64-linux@d0308bf9d559)
    com.unity.sysroot.base@1.1.0 (location: /home/sgarciav/git-repos/KinectGame_FB/Assets/Library/PackageCache/com.unity.sysroot.base@3559fe1aa613)
  Built-in packages:
    com.unity.modules.accessibility@1.0.0 (location: /home/sgarciav/git-repos/KinectGame_FB/Assets/Library/PackageCache/com.unity.modules.accessibility)
    com.unity.modules.adaptiveperformance@1.0.0 (location: /home/sgarciav/git-repos/KinectGame_FB/Assets/Library/PackageCache/com.unity.modules.adaptiveperformance)
    com.unity.modules.ai@1.0.0 (location: /home/sgarciav/git-repos/KinectGame_FB/Assets/Library/PackageCache/com.unity.modules.ai)
    com.unity.modules.androidjni@1.0.0 (location: /home/sgarciav/git-repos/KinectGame_FB/Assets/Library/PackageCache/com.unity.modules.androidjni)
    com.unity.modules.animation@1.0.0 (location: /home/sgarciav/git-repos/KinectGame_FB/Assets/Library/PackageCache/com.unity.modules.animation)
    com.unity.modules.assetbundle@1.0.0 (location: /home/sgarciav/git-repos/KinectGame_FB/Assets/Library/PackageCache/com.unity.modules.assetbundle)
    com.unity.modules.audio@1.0.0 (location: /home/sgarciav/git-repos/KinectGame_FB/Assets/Library/PackageCache/com.unity.modules.audio)
    com.unity.modules.cloth@1.0.0 (location: /home/sgarciav/git-repos/KinectGame_FB/Assets/Library/PackageCache/com.unity.modules.cloth)
    com.unity.modules.director@1.0.0 (location: /home/sgarciav/git-repos/KinectGame_FB/Assets/Library/PackageCache/com.unity.modules.director)
    com.unity.modules.imageconversion@1.0.0 (location: /home/sgarciav/git-repos/KinectGame_FB/Assets/Library/PackageCache/com.unity.modules.imageconversion)
    com.unity.modules.imgui@1.0.0 (location: /home/sgarciav/git-repos/KinectGame_FB/Assets/Library/PackageCache/com.unity.modules.imgui)
    com.unity.modules.jsonserialize@1.0.0 (location: /home/sgarciav/git-repos/KinectGame_FB/Assets/Library/PackageCache/com.unity.modules.jsonserialize)
    com.unity.modules.particlesystem@1.0.0 (location: /home/sgarciav/git-repos/KinectGame_FB/Assets/Library/PackageCache/com.unity.modules.particlesystem)
    com.unity.modules.physics@1.0.0 (location: /home/sgarciav/git-repos/KinectGame_FB/Assets/Library/PackageCache/com.unity.modules.physics)
    com.unity.modules.physics2d@1.0.0 (location: /home/sgarciav/git-repos/KinectGame_FB/Assets/Library/PackageCache/com.unity.modules.physics2d)
    com.unity.modules.physicscore2d@1.0.0 (location: /home/sgarciav/git-repos/KinectGame_FB/Assets/Library/PackageCache/com.unity.modules.physicscore2d)
    com.unity.modules.screencapture@1.0.0 (location: /home/sgarciav/git-repos/KinectGame_FB/Assets/Library/PackageCache/com.unity.modules.screencapture)
    com.unity.modules.terrain@1.0.0 (location: /home/sgarciav/git-repos/KinectGame_FB/Assets/Library/PackageCache/com.unity.modules.terrain)
    com.unity.modules.terrainphysics@1.0.0 (location: /home/sgarciav/git-repos/KinectGame_FB/Assets/Library/PackageCache/com.unity.modules.terrainphysics)
    com.unity.modules.tetgen@1.0.0 (location: /home/sgarciav/git-repos/KinectGame_FB/Assets/Library/PackageCache/com.unity.modules.tetgen)
    com.unity.modules.tilemap@1.0.0 (location: /home/sgarciav/git-repos/KinectGame_FB/Assets/Library/PackageCache/com.unity.modules.tilemap)
    com.unity.modules.timelinefoundation@1.0.0 (location: /home/sgarciav/git-repos/KinectGame_FB/Assets/Library/PackageCache/com.unity.modules.timelinefoundation)
    com.unity.modules.ui@1.0.0 (location: /home/sgarciav/git-repos/KinectGame_FB/Assets/Library/PackageCache/com.unity.modules.ui)
    com.unity.modules.uielements@1.0.0 (location: /home/sgarciav/git-repos/KinectGame_FB/Assets/Library/PackageCache/com.unity.modules.uielements)
    com.unity.modules.umbra@1.0.0 (location: /home/sgarciav/git-repos/KinectGame_FB/Assets/Library/PackageCache/com.unity.modules.umbra)
    com.unity.modules.unityanalytics@1.0.0 (location: /home/sgarciav/git-repos/KinectGame_FB/Assets/Library/PackageCache/com.unity.modules.unityanalytics)
    com.unity.modules.unitywebrequest@1.0.0 (location: /home/sgarciav/git-repos/KinectGame_FB/Assets/Library/PackageCache/com.unity.modules.unitywebrequest)
    com.unity.modules.unitywebrequestassetbundle@1.0.0 (location: /home/sgarciav/git-repos/KinectGame_FB/Assets/Library/PackageCache/com.unity.modules.unitywebrequestassetbundle)
    com.unity.modules.unitywebrequestaudio@1.0.0 (location: /home/sgarciav/git-repos/KinectGame_FB/Assets/Library/PackageCache/com.unity.modules.unitywebrequestaudio)
    com.unity.modules.unitywebrequesttexture@1.0.0 (location: /home/sgarciav/git-repos/KinectGame_FB/Assets/Library/PackageCache/com.unity.modules.unitywebrequesttexture)
    com.unity.modules.unitywebrequestwww@1.0.0 (location: /home/sgarciav/git-repos/KinectGame_FB/Assets/Library/PackageCache/com.unity.modules.unitywebrequestwww)
    com.unity.modules.vectorgraphics@1.0.0 (location: /home/sgarciav/git-repos/KinectGame_FB/Assets/Library/PackageCache/com.unity.modules.vectorgraphics)
    com.unity.modules.vehicles@1.0.0 (location: /home/sgarciav/git-repos/KinectGame_FB/Assets/Library/PackageCache/com.unity.modules.vehicles)
    com.unity.modules.video@1.0.0 (location: /home/sgarciav/git-repos/KinectGame_FB/Assets/Library/PackageCache/com.unity.modules.video)
    com.unity.modules.wind@1.0.0 (location: /home/sgarciav/git-repos/KinectGame_FB/Assets/Library/PackageCache/com.unity.modules.wind)
    com.unity.modules.xr@1.0.0 (location: /home/sgarciav/git-repos/KinectGame_FB/Assets/Library/PackageCache/com.unity.modules.xr)
    com.unity.modules.subsystems@1.0.0 (location: /home/sgarciav/git-repos/KinectGame_FB/Assets/Library/PackageCache/com.unity.modules.subsystems)
    com.unity.modules.hierarchycore@1.0.0 (location: /home/sgarciav/git-repos/KinectGame_FB/Assets/Library/PackageCache/com.unity.modules.hierarchycore)
    com.unity.test-framework@1.8.0 (location: /home/sgarciav/git-repos/KinectGame_FB/Assets/Library/PackageCache/com.unity.test-framework@33f8a1e9aefd)
    com.unity.ext.nunit@2.1.0 (location: /home/sgarciav/git-repos/KinectGame_FB/Assets/Library/PackageCache/com.unity.ext.nunit@508b95ff9afe)
[Subsystems] No new subsystems found in resolved package list.
[Package Manager] Done registering packages in 0.05 seconds
[ScriptCompilation] Requested script compilation because: Assembly Definition File(s) changed
[ScriptCompilation] Requested script compilation because: AssetDatabase observed changes in script compilation related files
Starting: /home/sgarciav/Unity/Hub/Editor/6000.6.3f1/Editor/Data/Tools/BuildPipeline/bee_backend --ipc --defer-dag-verification --dagfile="Library/Bee/2400b0aE.dag" --continue-on-failure --profile="Library/Bee/backend1.traceevents" ScriptAssemblies
WorkingDir: /home/sgarciav/git-repos/KinectGame_FB/Assets
ExitCode: 4 Duration: 0s106ms
Rebuilding DAG because FileSignature timestamp changed: Library/Bee/2400b0aE-inputdata.json
[191/198    0s] ILPP-Configuration Library/ilpp-configuration.nevergeneratedoutput
*** Tundra requires additional run (0.07 seconds), 1 items updated, 190 evaluated
Starting: /home/sgarciav/Unity/Hub/Editor/6000.6.3f1/Editor/Data/DotNetSdk/dotnet "/home/sgarciav/Unity/Hub/Editor/6000.6.3f1/Editor/Data/Tools/BuildPipeline/ScriptCompilationBuildProgram.exe" "Library/Bee/2400b0aE.dag.json" "Library/Bee/2400b0aE-inputdata.json" "Library/Bee/buildprogram0.traceevents"
WorkingDir: /home/sgarciav/git-repos/KinectGame_FB/Assets

Aborting batchmode due to fatal error:
[WorkerRecoverable] Compilation Pipeline: asmdef 'Packages/com.unity.sysroot.base/Editor/Unity.SysrootPackage.Editor.asmdef' required for domain reload has been deleted. Stopping worker, it will restart automatically.


ExitCode: 0 Duration: 0s617ms
Starting: /home/sgarciav/Unity/Hub/Editor/6000.6.3f1/Editor/Data/Tools/BuildPipeline/bee_backend --ipc --defer-dag-verification --dagfile="Library/Bee/2400b0aE.dag" --continue-on-failure --dagfilejson="Library/Bee/2400b0aE.dag.json" --profile="Library/Bee/backend2.traceevents" ScriptAssemblies
WorkingDir: /home/sgarciav/git-repos/KinectGame_FB/Assets

Aborting batchmode due to fatal error:
[WorkerRecoverable] Compilation Pipeline: asmdef 'Packages/com.unity.sysroot.base/Editor/Unity.SysrootPackage.Editor.asmdef' required for domain reload has been deleted. Stopping worker, it will restart automatically.


ExitCode: 0 Duration: 1s34ms
Finished compiling graph: 229 nodes, 1685 flattened edges (1617 ToBuild, 14 ToUse), maximum node priority 80
[175/226    0s] WriteText Library/Bee/artifacts/2400b0aE.dag/Unity.SysrootPackage.Editor.rsp2
[176/226    0s] WriteText Library/Bee/artifacts/2400b0aE.dag/Unity.Sysroot.Linux_x86_64.rsp2
[179/226    0s] WriteText Library/Bee/artifacts/2400b0aE.dag/Unity.SysrootPackage.Editor.UnityAdditionalFile.txt
[180/226    0s] WriteText Library/Bee/artifacts/2400b0aE.dag/Unity.Toolchain.Linux-x86_64-Linux.rsp2
[181/226    0s] WriteText Library/Bee/artifacts/2400b0aE.dag/Unity.Sysroot.Linux_x86_64.rsp
[182/226    0s] WriteText Library/Bee/artifacts/2400b0aE.dag/Unity.Toolchain.Linux-x86_64-Linux.UnityAdditionalFile.txt
[184/226    0s] WriteText Library/Bee/artifacts/2400b0aE.dag/Unity.Toolchain.Linux-x86_64-Linux.rsp
[185/226    0s] WriteText Library/Bee/artifacts/2400b0aE.dag/Unity.SysrootPackage.Editor.dll.mvfrm.rsp
[186/226    0s] WriteText Library/Bee/artifacts/2400b0aE.dag/Unity.SysrootPackage.Editor.rsp
[187/226    0s] WriteText Library/Bee/artifacts/2400b0aE.dag/Unity.Sysroot.Linux_x86_64.dll.mvfrm.rsp
[188/226    0s] WriteText Library/Bee/artifacts/2400b0aE.dag/Unity.Sysroot.Linux_x86_64.UnityAdditionalFile.txt
[189/226    0s] WriteText Library/Bee/artifacts/2400b0aE.dag/Unity.Toolchain.Linux-x86_64-Linux.dll.mvfrm.rsp
[203/226    0s] ILPP-Configuration Library/ilpp-configuration.nevergeneratedoutput
[210/226    0s] MovedFromExtractor-Combine Library/Bee/artifacts/2400b0aE.dag/Unity.SysrootPackage.Editor.dll.mvfrm
[           0s] Csc Library/Bee/artifacts/2400b0aE.dag/Unity.SysrootPackage.Editor.dll (+2 others) [CacheMiss f7c17dcd23f4945aacc029f63a59db4900000000000000000000000000000006]
[211/226    0s] Csc Library/Bee/artifacts/2400b0aE.dag/Unity.SysrootPackage.Editor.dll (+2 others)
[           0s] Csc Library/Bee/artifacts/2400b0aE.dag/Unity.SysrootPackage.Editor.dll (+2 others) [CacheWrite f7c17dcd23f4945aacc029f63a59db4900000000000000000000000000000006]
[212/226    0s] ILPostProcess Library/Bee/artifacts/2400b0aE.dag/post-processed/Unity.SysrootPackage.Editor.dll (+pdb)
Processing assembly Library/Bee/artifacts/2400b0aE.dag/Unity.SysrootPackage.Editor.dll, with 136 defines and 299 references
processors: zzzUnity.Burst.CodeGen.BurstILPostProcessor
1 processor(s) skipped this assembly
[213/226    0s] CopyFiles Library/ScriptAssemblies/Unity.SysrootPackage.Editor.dll
[214/226    0s] CopyFiles Library/ScriptAssemblies/Unity.SysrootPackage.Editor.pdb
[215/226    0s] MovedFromExtractor Library/Bee/artifacts/mvdfrm/Unity.SysrootPackage.Editor.ref.dll_795E971823712576.mvfrm
[216/226    0s] MovedFromExtractor-Combine Library/Bee/artifacts/2400b0aE.dag/Unity.Sysroot.Linux_x86_64.dll.mvfrm
[217/226    0s] MovedFromExtractor-Combine Library/Bee/artifacts/2400b0aE.dag/Unity.Toolchain.Linux-x86_64-Linux.dll.mvfrm
[           0s] Csc Library/Bee/artifacts/2400b0aE.dag/Unity.Sysroot.Linux_x86_64.dll (+2 others) [CacheMiss c86702dd0c4e8144e0f2a7df9e57fb0800000000000000000000000000000006]
[           0s] Csc Library/Bee/artifacts/2400b0aE.dag/Unity.Toolchain.Linux-x86_64-Linux.dll (+2 others) [CacheMiss b40a3508370ae0513dfc2809d48223a500000000000000000000000000000006]
[218/226    0s] Csc Library/Bee/artifacts/2400b0aE.dag/Unity.Sysroot.Linux_x86_64.dll (+2 others)
[219/226    0s] Csc Library/Bee/artifacts/2400b0aE.dag/Unity.Toolchain.Linux-x86_64-Linux.dll (+2 others)
[           0s] Csc Library/Bee/artifacts/2400b0aE.dag/Unity.Toolchain.Linux-x86_64-Linux.dll (+2 others) [CacheWrite b40a3508370ae0513dfc2809d48223a500000000000000000000000000000006]
[           0s] Csc Library/Bee/artifacts/2400b0aE.dag/Unity.Sysroot.Linux_x86_64.dll (+2 others) [CacheWrite c86702dd0c4e8144e0f2a7df9e57fb0800000000000000000000000000000006]
[220/226    0s] ILPostProcess Library/Bee/artifacts/2400b0aE.dag/post-processed/Unity.Toolchain.Linux-x86_64-Linux.dll (+pdb)
Processing assembly Library/Bee/artifacts/2400b0aE.dag/Unity.Toolchain.Linux-x86_64-Linux.dll, with 136 defines and 300 references
processors: zzzUnity.Burst.CodeGen.BurstILPostProcessor
1 processor(s) skipped this assembly
[221/226    0s] ILPostProcess Library/Bee/artifacts/2400b0aE.dag/post-processed/Unity.Sysroot.Linux_x86_64.dll (+pdb)
Processing assembly Library/Bee/artifacts/2400b0aE.dag/Unity.Sysroot.Linux_x86_64.dll, with 136 defines and 300 references
processors: zzzUnity.Burst.CodeGen.BurstILPostProcessor
1 processor(s) skipped this assembly
[222/226    0s] CopyFiles Library/ScriptAssemblies/Unity.Toolchain.Linux-x86_64-Linux.dll
[223/226    0s] CopyFiles Library/ScriptAssemblies/Unity.Toolchain.Linux-x86_64-Linux.pdb
[224/226    0s] CopyFiles Library/ScriptAssemblies/Unity.Sysroot.Linux_x86_64.pdb
[225/226    0s] CopyFiles Library/ScriptAssemblies/Unity.Sysroot.Linux_x86_64.dll
*** Tundra build success (0.99 seconds), 29 items updated, 226 evaluated
Reloading assemblies after forced synchronous recompile.
Begin MonoManager ReloadAssembly
Total cache size 184581048
Total cache size after purge 184581048, took 00:00:00.1119359
Importing 'GUID: a56410a14563d43e26310385599841ed - Path: Packages/com.unity.sysroot.base' with importer (DefaultImporter)
Imported 'GUID: a56410a14563d43e26310385599841ed' -> (Import Result ID: '72b2dbfa3551358ccf5cd9c7c31c54d2') in 0.016 seconds [static dependencies only]. Details - ImportResultOutputID=e2f94330d641ea6d8731715acb2997e4 DependenciesID=0f1128cbd0294672cc149289fab2e820 StaticDependenciesID=847ca9be2c4c23c1e8b9a7e2d09d0fa5 
Importing 'GUID: 7c899b4f5fc8ad4cd5afb9b0c975efe3 - Path: Packages/com.unity.sdk.linux-x86_64' with importer (DefaultImporter)
Imported 'GUID: 7c899b4f5fc8ad4cd5afb9b0c975efe3' -> (Import Result ID: 'aff0d5a237be59951566d5fb12b01bfc') in 0.001 seconds [static dependencies only]. Details - ImportResultOutputID=5ead2b546cf2926dc8ef9df1c1e9965f DependenciesID=b1f05752b0beef22cad7c4d36190c1e0 StaticDependenciesID=fc406e334db0792f9160ee3bed599a55 
Importing 'GUID: 5d4d9fc1fe8e0c36f7c23384b6ebc3f9 - Path: Packages/com.unity.toolchain.linux-x86_64-linux' with importer (DefaultImporter)
Imported 'GUID: 5d4d9fc1fe8e0c36f7c23384b6ebc3f9' -> (Import Result ID: '9fef9f0ae671066f938939114de87ae9') in 0.001 seconds [static dependencies only]. Details - ImportResultOutputID=fa1719708db9ecee45aeb7d08a53e5a6 DependenciesID=7de3ece8cdd5b95ea8d8c9e8cdfe2e3f StaticDependenciesID=0304e043c1730cb9c6774836f48e22ea 
Importing 'GUID: 21355b98f3d94d714ad8c543adb3c7ef - Path: Packages/com.unity.sysroot.base/Tests' with importer (DefaultImporter)
Imported 'GUID: 21355b98f3d94d714ad8c543adb3c7ef' -> (Import Result ID: '3c5e6b14b43d08430e7bb68be6b2bd76') in 0.001 seconds [static dependencies only]. Details - ImportResultOutputID=cce53459d71090aea77b3cfb416c0066 DependenciesID=58eba3c61573826182535fcbb04c5ae2 StaticDependenciesID=334da4e7ed11289d132cc41cc9eb105e 
Importing 'GUID: 169765632ffb0f87cb8b3c23abe48007 - Path: Packages/com.unity.sysroot.base/Editor' with importer (DefaultImporter)
Imported 'GUID: 169765632ffb0f87cb8b3c23abe48007' -> (Import Result ID: '791b39b97de12bca627a56163d0e9bf7') in 0.000 seconds [static dependencies only]. Details - ImportResultOutputID=eb9a043add01b944768399605da32208 DependenciesID=be4be173f385323be0a804d23e96c39c StaticDependenciesID=b66c6c77ca068b71bb3ff34d54ad4ee3 
Importing 'GUID: c7792cffa475e4915ad45c6baea61cd0 - Path: Packages/com.unity.sdk.linux-x86_64/Tests' with importer (DefaultImporter)
Imported 'GUID: c7792cffa475e4915ad45c6baea61cd0' -> (Import Result ID: '563eca46ab7cbce7ad0d557522ad1e87') in 0.000 seconds [static dependencies only]. Details - ImportResultOutputID=6921877de87a78f08783d58a622a4112 DependenciesID=6e7e5c2ad1781366ee2930a4d2236adc StaticDependenciesID=3cd349e391a8b1f9adf128d03a76b2a1 
Importing 'GUID: 8b21f5a9c27a6e14f9610c28e2402aae - Path: Packages/com.unity.toolchain.linux-x86_64-linux/Tests' with importer (DefaultImporter)
Imported 'GUID: 8b21f5a9c27a6e14f9610c28e2402aae' -> (Import Result ID: 'fb842dafbec69b488b86c2699504c3b0') in 0.000 seconds [static dependencies only]. Details - ImportResultOutputID=9313b6f4c2320ba00952f1ddc12ebf81 DependenciesID=6cd8741fc04fd6c42b0c08d8d7050698 StaticDependenciesID=84034cf5379e897d24186f4aafed4aa5 
Importing 'GUID: 6c65fe360f8544fb8b9ea05c1d63a87c - Path: Packages/com.unity.sdk.linux-x86_64/Editor' with importer (DefaultImporter)
Imported 'GUID: 6c65fe360f8544fb8b9ea05c1d63a87c' -> (Import Result ID: 'e59f78565a39d24911cc0aefc9baddb6') in 0.000 seconds [static dependencies only]. Details - ImportResultOutputID=22e06d4673f898abc731197a4599536c DependenciesID=04de9257513e5be7fe6287692d796d75 StaticDependenciesID=157bbc9728936bc1cf1f404334493410 
Importing 'GUID: 1f96be57efa91e944960d4c27dc298fe - Path: Packages/com.unity.toolchain.linux-x86_64-linux/Editor' with importer (DefaultImporter)
Imported 'GUID: 1f96be57efa91e944960d4c27dc298fe' -> (Import Result ID: '000d674249cbb337c68decda2f7226bf') in 0.000 seconds [static dependencies only]. Details - ImportResultOutputID=fc60d0203656e5eb0682d4540a35ae5a DependenciesID=7e2028f2dfb45501fea1a4a9f4fe1ff9 StaticDependenciesID=276c726ec535ca7f88598881eb314941 
Importing 'GUID: 885ac5e7a42434a4d8c1c7c91137733e - Path: Packages/com.unity.sdk.linux-x86_64/Tests/Editor' with importer (DefaultImporter)
Imported 'GUID: 885ac5e7a42434a4d8c1c7c91137733e' -> (Import Result ID: '7559a2327c4c3f6215f3b3ba026afd85') in 0.000 seconds [static dependencies only]. Details - ImportResultOutputID=fb569fae163bd70a541dd36cee44990d DependenciesID=9a1ca0d352648aada41c227f3d08cc0d StaticDependenciesID=2016a12322bec96f3a88c72d424b95c9 
Importing 'GUID: 4cac27dd0398cfe66aa1f1eb45442a1a - Path: Packages/com.unity.sysroot.base/Tests/Editor' with importer (DefaultImporter)
Imported 'GUID: 4cac27dd0398cfe66aa1f1eb45442a1a' -> (Import Result ID: '6256bacdd82663c53f4fce00d49b821b') in 0.000 seconds [static dependencies only]. Details - ImportResultOutputID=c75ab5b6fdfcdcf583f22343bb4d0cbf DependenciesID=207f00bd5b2233127103ac6c528845bf StaticDependenciesID=dc135a024f3f87982b32e30a27d9a4d9 
Importing 'GUID: 0e4d0095af4abb243b05d48de67d9c0b - Path: Packages/com.unity.toolchain.linux-x86_64-linux/Tests/Editor' with importer (DefaultImporter)
Imported 'GUID: 0e4d0095af4abb243b05d48de67d9c0b' -> (Import Result ID: 'a30a8612c84fe8904f13ce80393a7a01') in 0.000 seconds [static dependencies only]. Details - ImportResultOutputID=1e52b140d7f6b796b3ff705c35d67361 DependenciesID=534d45f6a34ff092e2b622a7af662975 StaticDependenciesID=0036e471a18cfe4403298c2706a0b6ed 
Importing 'GUID: 435a4e0ece4e23c4882730a295bbd8cd - Path: Packages/com.unity.sysroot.base/Editor/Unity.SysrootPackage.Editor.asmdef' with importer (AssemblyDefinitionImporter)
Imported 'GUID: 435a4e0ece4e23c4882730a295bbd8cd' -> (Import Result ID: 'd34262178adc6014ef6f61a78294920c') in 0.001 seconds [static dependencies only]. Details - ImportResultOutputID=4e80f4096b154857a0d01fbd590b40dd DependenciesID=de848a869b401fafef3e3ea039d747d6 StaticDependenciesID=7fbebaa9a3e4c9867e11b9dfb29561e7 
Importing 'GUID: 73069f0c48fa8a04c978a2f4d73f917d - Path: Packages/com.unity.toolchain.linux-x86_64-linux/Tests/Editor/Unity.Toolchain.Linux-x86_64-Linux.EditorTests.asmdef' with importer (AssemblyDefinitionImporter)
Imported 'GUID: 73069f0c48fa8a04c978a2f4d73f917d' -> (Import Result ID: 'ae001b0604bd27079220caf1483ff059') in 0.001 seconds [static dependencies only]. Details - ImportResultOutputID=28208eff00b4eafa8ec09d912dff60a5 DependenciesID=80fd614822e3494883b4afb0be1fabb3 StaticDependenciesID=6f2cec09ef191f229307114a3d086012 
Importing 'GUID: f4dbd28d8bf434681a7afa0d464d1159 - Path: Packages/com.unity.sdk.linux-x86_64/Tests/Editor/Unity.Sysroot.Linux-x86_64.EditorTests.asmdef' with importer (AssemblyDefinitionImporter)
Imported 'GUID: f4dbd28d8bf434681a7afa0d464d1159' -> (Import Result ID: 'dbc752f006be73243cc26801d829569d') in 0.000 seconds [static dependencies only]. Details - ImportResultOutputID=3517cc210af9e772ccf1688b5fa4c058 DependenciesID=25cb76ad12335ff62f2f837abe804436 StaticDependenciesID=4ab1bd2f31679d67525ded632a11cbed 
Importing 'GUID: 975c74bd4649a4013a160c08497037f2 - Path: Packages/com.unity.sdk.linux-x86_64/Editor/Unity.Sysroot.Linux-x86_64.asmdef' with importer (AssemblyDefinitionImporter)
Imported 'GUID: 975c74bd4649a4013a160c08497037f2' -> (Import Result ID: '96c79fdc2abbd2ff8876e7c34d0acec1') in 0.001 seconds [static dependencies only]. Details - ImportResultOutputID=a9c38ab9b3cd190de41006364870fd85 DependenciesID=b5233bb18fe08e2e3ac75b876578d9a3 StaticDependenciesID=5a94df73255eb3167d34188aa09a479b 
Importing 'GUID: 4b746f9393832b79384ac03cddf8eb94 - Path: Packages/com.unity.sysroot.base/Tests/Editor/Unity.Sysroot.EditorTests.asmdef' with importer (AssemblyDefinitionImporter)
Imported 'GUID: 4b746f9393832b79384ac03cddf8eb94' -> (Import Result ID: 'd92fda58de3807d3befbcffdd727e727') in 0.000 seconds [static dependencies only]. Details - ImportResultOutputID=59bc9163e1361b61d600364b49ed4f4a DependenciesID=217d26bded3beb0193ef39d52748d26c StaticDependenciesID=0c6adbba918bbc2754bff70c45edda0d 
Importing 'GUID: fd4c8fba150c6e24aaceaf5406904a5b - Path: Packages/com.unity.toolchain.linux-x86_64-linux/Editor/Unity.Toolchain.Linux-x86_64-Linux.asmdef' with importer (AssemblyDefinitionImporter)
Imported 'GUID: fd4c8fba150c6e24aaceaf5406904a5b' -> (Import Result ID: '9ad7f64b053fc473d1a37b54cae09d0b') in 0.000 seconds [static dependencies only]. Details - ImportResultOutputID=7b2029719c00ad113c129d4908132b61 DependenciesID=8db7ec5989c6789a9ed704cd552b18c0 StaticDependenciesID=d6ee97868e382bf33c30fe31808c1e4b 
Native extension for LinuxStandalone target not found
Native extension for WindowsStandalone target not found
[MODES] ModeService[none].Initialize
[MODES] ModeService[none].LoadModes
Unhandled description string [
Unhandled description string ]
ScheduleIndexationOnStartup MainProcess:True IndexOnStartup:True
Scripting: successfully reloaded assembly
Unhandled description string [
Unhandled description string ]
- Finished resetting the current domain, in  2.021 seconds
Domain Reload Profiling: 2799ms
	BeginReloadAssembly (483ms)
		DisableScriptedObjects (117ms)
		CreateAndSetChildDomain (137ms)
	RebuildCommonClasses (13ms)
	RebuildNativeTypeToScriptingClass (16ms)
	initialDomainReloadingComplete (52ms)
	LoadAllAssembliesAndSetupDomain (213ms)
		LoadAssemblies (98ms)
		TypeCache.Refresh (8ms)
		AnalyzeDomain (19ms)
			BuildScriptInfoCaches (17ms)
	FinalizeReload (2022ms)
		SetupLoadedEditorAssemblies (0ms)
			InitializePlatformSupportModulesInManaged (16ms)
			BeforeProcessingInitializeOnLoad (246ms)
			ProcessInitializeOnLoadAttributes (142ms)
			ProcessInitializeOnLoadMethodAttributes (47ms)
			AfterProcessingInitializeOnLoad (4ms)
		AwakeInstancesAfterBackupRestoration (951ms)
Importing 'GUID: 013e01bd0018f034b9ace5b92b6b95c4 - Path: Packages/com.unity.toolchain.linux-x86_64-linux/README.md' with importer (TextScriptImporter)
Imported 'GUID: 013e01bd0018f034b9ace5b92b6b95c4' -> (Import Result ID: '100bf869bd5211332340a432705cdf17') in 0.001 seconds [static dependencies only]. Details - ImportResultOutputID=0df018df964a20d345481149f37cc078 DependenciesID=37cb93d8b8dbaa5138256726eea0635c StaticDependenciesID=fc7c21caf2fb4a4bfd1ad8e2368075f9 
Importing 'GUID: 51f3a1b7b38fe39689977681fe22df32 - Path: Packages/com.unity.sysroot.base/README.md' with importer (TextScriptImporter)
Imported 'GUID: 51f3a1b7b38fe39689977681fe22df32' -> (Import Result ID: 'a58d116367c9993560733bfa77846e8a') in 0.001 seconds [static dependencies only]. Details - ImportResultOutputID=a00c6579485fc00f63a1c2539912931a DependenciesID=4e896761b878ff8a889be862af9160ff StaticDependenciesID=b07cb73655ae56c413317d6e03cb0a45 
Importing 'GUID: a12af00e75af642b29a9f3987d6a6c98 - Path: Packages/com.unity.sdk.linux-x86_64/package.json' with importer (PackageManifestImporter)
Imported 'GUID: a12af00e75af642b29a9f3987d6a6c98' -> (Import Result ID: '7ae8222d9d293c92b552ee2e9521d8fd') in 0.001 seconds [static dependencies only]. Details - ImportResultOutputID=d73018d38f4309ddb3e34eba11ee31e2 DependenciesID=f40e04090ffde98e2e55944b78ad70c3 StaticDependenciesID=1c8ce873ec9d0921b021cb9968f04c90 
Importing 'GUID: a22ad7d2e8e1f3a45b3813899ea3304e - Path: Packages/com.unity.toolchain.linux-x86_64-linux/LICENSE.md' with importer (TextScriptImporter)
Imported 'GUID: a22ad7d2e8e1f3a45b3813899ea3304e' -> (Import Result ID: '34c64e945480b76092708b99cb0ffd13') in 0.001 seconds [static dependencies only]. Details - ImportResultOutputID=724934dc697b6b87583be5d075e5f51f DependenciesID=5a311e7bee0d98e20695b5a9228386a0 StaticDependenciesID=ebe3ac2b9dff8e859c779ca2a752d925 
Importing 'GUID: b35b0f802d901b14c81797a10c76aa9a - Path: Packages/com.unity.toolchain.linux-x86_64-linux/ValidationConfig.json' with importer (TextScriptImporter)
Imported 'GUID: b35b0f802d901b14c81797a10c76aa9a' -> (Import Result ID: 'c1a46ce48b8fbbec684cc409310f3fe1') in 0.001 seconds [static dependencies only]. Details - ImportResultOutputID=3099adc095172bca96d5cbae83e715a4 DependenciesID=c5e8288a285998620cd14db8f0b4a1e7 StaticDependenciesID=036194eaf9d3a6ec6e6a7da32b7c55d0 
Importing 'GUID: f3279528d1bc8427791c00f93707a98f - Path: Packages/com.unity.sdk.linux-x86_64/LICENSE.md' with importer (TextScriptImporter)
Imported 'GUID: f3279528d1bc8427791c00f93707a98f' -> (Import Result ID: 'b3ba7eeff14028509adc6384f52dc71a') in 0.001 seconds [static dependencies only]. Details - ImportResultOutputID=550f5ffa8eec3b5d0b71e2288d75ef75 DependenciesID=946d3cac99a782fa0c833760ad1cace7 StaticDependenciesID=e9c4836a120652b68737d27f75cf324f 
Importing 'GUID: 0445a7983a983d97f848d19d5eeebf7b - Path: Packages/com.unity.sysroot.base/package.json' with importer (PackageManifestImporter)
Imported 'GUID: 0445a7983a983d97f848d19d5eeebf7b' -> (Import Result ID: '2be1e218b37a80feaafde9a72d9feb50') in 0.000 seconds [static dependencies only]. Details - ImportResultOutputID=12ccffa30c41f6308f8a2ffe77b3f3b8 DependenciesID=1fcd9aee1733b99845f0ef19446b186d StaticDependenciesID=03f8143a3aa40be377f77aaea17611e4 
Importing 'GUID: 77480111a80ad46e7b0d10da3fd3a092 - Path: Packages/com.unity.sysroot.base/Third Party Notices.md' with importer (TextScriptImporter)
Imported 'GUID: 77480111a80ad46e7b0d10da3fd3a092' -> (Import Result ID: 'da9300a42031a755e1c93e6627ef5683') in 0.001 seconds [static dependencies only]. Details - ImportResultOutputID=b0ff2aee8f4c1c1f756b78abf36e7f1e DependenciesID=4469e8ba03a8063f779e62309e7b3e63 StaticDependenciesID=b1d0594c1f9e5ab8f94379e18f5455c4 
Importing 'GUID: e76167c495d53ba6abcbb8df07973457 - Path: Packages/com.unity.sysroot.base/LICENSE.md' with importer (TextScriptImporter)
Imported 'GUID: e76167c495d53ba6abcbb8df07973457' -> (Import Result ID: '140de014e3200286b78e62ed3b91d875') in 0.001 seconds [static dependencies only]. Details - ImportResultOutputID=7d3addcbaac47eed54aa9697f4e9ce61 DependenciesID=234983cfde8b3786f3d47e7aa75570a2 StaticDependenciesID=94d41f8504b6a0eeefd77c465f7e86af 
Importing 'GUID: e7d50e11cdadccb4cbfc7fa11d9d3d51 - Path: Packages/com.unity.toolchain.linux-x86_64-linux/Third Party Notices.md' with importer (TextScriptImporter)
Imported 'GUID: e7d50e11cdadccb4cbfc7fa11d9d3d51' -> (Import Result ID: 'ac4f86ff203f60d2c62f73071ccf75dc') in 0.001 seconds [static dependencies only]. Details - ImportResultOutputID=10d74f2ac6c15c877cc6dc87e13c2c10 DependenciesID=21a7e14e903ae0b993faf255959c655f StaticDependenciesID=1538569ada5a7f6f00948c15f54a411e 
Importing 'GUID: 789bc00358b964c3988f3327fd71fedb - Path: Packages/com.unity.sdk.linux-x86_64/Third Party Notices.md' with importer (TextScriptImporter)
Imported 'GUID: 789bc00358b964c3988f3327fd71fedb' -> (Import Result ID: 'e287bb4191f4cba9593c096c49941d1a') in 0.004 seconds [static dependencies only]. Details - ImportResultOutputID=031be517746fd29ba537e4b47fd97d65 DependenciesID=f2ea1912e379ce5193cac9c83424adc7 StaticDependenciesID=cc3914d4c8930ee1511c38a94da13b94 
Importing 'GUID: 093f79eac47814ed88c3ced1def79bd3 - Path: Packages/com.unity.sdk.linux-x86_64/CHANGELOG.md' with importer (TextScriptImporter)
Imported 'GUID: 093f79eac47814ed88c3ced1def79bd3' -> (Import Result ID: '7c2f29e4c7552909ae095627b0f6a5aa') in 0.001 seconds [static dependencies only]. Details - ImportResultOutputID=a12d60dba12a33e5e7af7172ea43ff54 DependenciesID=608fef0d9ba0cbf4c3893c645569d47d StaticDependenciesID=e1fd45fc13b0d4ad4d8c57c6759dc7aa 
Importing 'GUID: 6903637d170abe311a972b9d76142805 - Path: Packages/com.unity.sysroot.base/CHANGELOG.md' with importer (TextScriptImporter)
Imported 'GUID: 6903637d170abe311a972b9d76142805' -> (Import Result ID: 'fee8abf37b4fcd457efbd406623fb1b9') in 0.001 seconds [static dependencies only]. Details - ImportResultOutputID=4a941aac26f2cb71850ccd5853f8d149 DependenciesID=dac704a4d8951b9e1acfb062de529490 StaticDependenciesID=0db571eb0af9a6c24f254f0fa183eccb 
Importing 'GUID: fa4e3b62cfaf2404eba61f1c388a2cfa - Path: Packages/com.unity.sdk.linux-x86_64/README.md' with importer (TextScriptImporter)
Imported 'GUID: fa4e3b62cfaf2404eba61f1c388a2cfa' -> (Import Result ID: 'b1655626ebbef3b15e52dc6309ecc0df') in 0.001 seconds [static dependencies only]. Details - ImportResultOutputID=6aea7d7d8ed2f855f43d928d918260b4 DependenciesID=2e8da3cf925921ba8bf181d38abd4198 StaticDependenciesID=9f6649bb8796eee1a07ea43db3d19fb6 
Importing 'GUID: 5bec207dc8821f44fb24a2638ff01c32 - Path: Packages/com.unity.toolchain.linux-x86_64-linux/package.json' with importer (PackageManifestImporter)
Imported 'GUID: 5bec207dc8821f44fb24a2638ff01c32' -> (Import Result ID: '4332b93fae8a4a7ef462d250e782b0bd') in 0.001 seconds [static dependencies only]. Details - ImportResultOutputID=82cb12def2166142f7fbf7d386d24217 DependenciesID=a701abba79e242e808a51c6f8ef743d5 StaticDependenciesID=e7760b5eee19a376e8ef922562bf3b1c 
Importing 'GUID: fffb5421b35c35144b946e75e49f0ac6 - Path: Packages/com.unity.toolchain.linux-x86_64-linux/CHANGELOG.md' with importer (TextScriptImporter)
Imported 'GUID: fffb5421b35c35144b946e75e49f0ac6' -> (Import Result ID: 'be087c51c98af3fac44de1f3e50ff369') in 0.001 seconds [static dependencies only]. Details - ImportResultOutputID=db269a0efad6a7caef61f5f09e68e342 DependenciesID=f4ff410372d92db6c59532cd0417e591 StaticDependenciesID=eb09d414573a133ca69bd59b991509d3 

Asset Pipeline Refresh (id=c5170eedcd0adb90087cc13c74659bd3): Total: 6.399 seconds - Initiated by RefreshV2(ForceSynchronousImport)
	(Values over 0.05ms)
	Summary:
		Imports: total=34 (actual=34, local cache=0, cache server=0)
		Asset DB Process Time: managed=5 ms, native=2232 ms
		Asset DB Callback time: managed=58 ms, native=1310 ms
		Scripting: domain reloads=1, domain reload time=800 ms, compile time=1991 ms, other=0 ms
		Project Asset Count: scripts=187, non-scripts=77
		Asset File Changes: new=42, changed=42, moved=0, deleted=0
		Scan Filter Count: 1
	InvokePackagesCallback: 1306.951ms
	ApplyChangesToAssetFolders: 0.363ms
	Scan: 111.635ms
	Collect global state as custom dependencies: 0.419ms
	OnSourceAssetsModified: 1.096ms
	CategorizeScriptCompilationAssets: 0.154ms
	ProcessAssetsWithTransientArtifactChanges: 0.573ms
	CategorizeAssets: 1.938ms
	CompileScripts: 1991.263ms
	ImportOutOfDateAssets: 2072.224ms (2023.599ms without children)
		ImportManagerImport: 45.561ms (5.511ms without children)
			UpdateCategorizedAssets: 0.176ms
		UnloadImportedAssets: 2.240ms
		EnsureUptoDateAssetsAreRegisteredWithGuidPM: 0.080ms
		ImportSchedulerStart: 0.740ms
	PostProcessAllAssets: 58.985ms
		AssemblyValidation.PostprocessAllAssets 2.377ms
		VersionControlSettings.HiddenFilePostprocess 0.224ms
		PostProcessCallbackCreateDeferredMaterials 0.119ms
		ShaderAssetModifiedCallback 0.086ms
		LocalizationDatabase.AssetDatabasePostprocessCallback 0.072ms
		ComputeShaderImportPostprocess 0.067ms
		RaytracingShaderImportPostprocess 0.066ms
		SpeedTreeImporter.PostprocessAllAssets 0.057ms
		MonoPostProcessAllAssets: 55.048ms
			BuilderAssetPostprocessor.OnPostprocessAllAssets 9.275ms
			AssetChangedListener.OnPostprocessAllAssets 8.723ms
			WindowAssetPostprocessingWatcher.OnPostprocessAllAssets 7.563ms
			AssetPostprocessor.OnPostprocessAllAssets 6.936ms
			RetainedModeAssetPostprocessor.OnPostprocessAllAssets 1.679ms
			SpeedTreePostProcessor.OnPostprocessAllAssets 1.368ms
			EditModeScopePostprocessor.OnPostprocessAllAssets 1.256ms
			SpeedTree9Postprocessor.OnPostprocessAllAssets 1.174ms
			TextAssetPostProcessor.OnPostprocessAllAssets 1.038ms
			ArtifactBrowserPostProcessor.OnPostprocessAllAssets 0.855ms
			AudioMixerPostprocessor.OnPostprocessAllAssets 0.420ms
			ReferencedClipsPostProcessor.OnPostprocessAllAssets 0.383ms
			TerrainToolbarOverlayPostProcessor.OnPostprocessAllAssets 0.323ms
			AssetEvents.OnPostprocessAllAssets 0.298ms
			StyleCatalogPostProcessor.OnPostprocessAllAssets 0.292ms
			AssetDatabaseCallbacks.OnPostprocessAllAssets 0.221ms
			ThemePostprocessor.OnPostprocessAllAssets 0.190ms
			ConfigAssetsTracker.OnPostprocessAllAssets 0.176ms
			ScenarioDriftAssetsTracker.OnPostprocessAllAssets 0.173ms
			RenderPipelineGlobalSettingsPostprocessor.OnPostprocessAllAssets 0.120ms
			SyncVS.PostprocessSyncProject 0.107ms
			AudioContainerPostProcessor.OnPostprocessAllAssets 0.102ms
	PostAssetChangesProfiler: 2.886ms
	UnloadStreamsBegin: 3.416ms
	PersistCurrentRevisions: 0.086ms
	Untracked: 845.428ms

[MODES] ModeService[default].LoadModes
[Licensing::Client] Successfully updated the access token
[Licensing::Module] Successfully updated access token: "qB5b6Y5c"... (expires: 2026-10-01T22:27:18Z)
Asset Pipeline Refresh (id=208c404c6cec404e4b7aea3912fdac56): Total: 0.016 seconds - Initiated by RefreshV2(ForceSynchronousImport)
[Licensing::Client] Successfully resolved entitlement details
Asset Pipeline Refresh (id=4d2ec557387cfb6dab9838f0fc0bf02e): Total: 0.026 seconds - Initiated by RefreshV2(ForceSynchronousImport)
[Licensing::Client] Successfully resolved entitlement details
Asset Pipeline Refresh (id=b2bad8912406cf6a59a7846e7fde48b8): Total: 0.021 seconds - Initiated by RefreshV2(ForceSynchronousImport)
[Licensing::Client] Successfully resolved entitlement details
[Licensing::Client] Successfully resolved entitlement details
[Licensing::Client] Successfully resolved entitlement details
Unhandled description string [
Unhandled description string ]
[Licensing::Client] Successfully resolved entitlement details
[Licensing::Client] Successfully resolved entitlement details
[Licensing::Client] Successfully resolved entitlement details
[Licensing::Client] Successfully resolved entitlement details
[Licensing::Client] Successfully resolved entitlement details
[Licensing::Client] Successfully resolved entitlement details
[Licensing::Client] Successfully resolved entitlement details
[Licensing::Client] Successfully resolved entitlement details
[Licensing::Client] Successfully resolved entitlement details
[Licensing::Client] Successfully resolved entitlement details
[Licensing::Client] Successfully resolved entitlement details
[Licensing::Client] Successfully resolved entitlement details
GLX Extensions: GLX_ARB_context_flush_control GLX_ARB_create_context GLX_ARB_create_context_no_error GLX_ARB_create_context_profile GLX_ARB_create_context_robustness GLX_ARB_fbconfig_float GLX_ARB_framebuffer_sRGB GLX_ARB_get_proc_address GLX_ARB_multisample GLX_EXT_buffer_age GLX_EXT_create_context_es2_profile GLX_EXT_create_context_es_profile GLX_EXT_fbconfig_packed_float GLX_EXT_framebuffer_sRGB GLX_EXT_no_config_context GLX_EXT_swap_control GLX_EXT_swap_control_tear GLX_EXT_texture_from_pixmap GLX_EXT_visual_info GLX_EXT_visual_rating GLX_INTEL_swap_event GLX_MESA_copy_sub_buffer GLX_MESA_gl_interop GLX_MESA_query_renderer GLX_MESA_swap_control GLX_OML_sync_control GLX_SGIS_multisample GLX_SGIX_fbconfig GLX_SGIX_pbuffer GLX_SGIX_visual_select_group GLX_SGI_make_current_read GLX_SGI_swap_control GLX_SGI_video_sync 
TrimDiskCacheJob: Current cache size 0mb
MonoPathRemapper: Attempts to remap: 16753; Successful remaps: 1852
Serialized file version minimum: 23, current 23
[LAYOUT] About to save layout /home/sgarciav/git-repos/KinectGame_FB/Assets/UserSettings/Layouts/default-6000.dwlt
[LAYOUT] About to save layout /home/sgarciav/.config/unity3d/Preferences/Editor-5.x/Layouts/current/default-6000.dwlt
[Physics::Module] Cleanup current backend.
[Physics::Module] Id: 0xf2b8ea05
Input System module state changed to: ShutdownInProgress.
Input Polling Thread exited.
Input System module state changed to: Shutdown.
[Licensing::IpcConnector] LicenseClient-sgarciav-notifications channel disconnected successfully.
[Licensing::IpcConnector] LicenseClient-sgarciav channel disconnected successfully.
Lingering sessions upon destruction of worker manager
Unity Data Store service was successfully shut down
UDS shutting down local client system
Shut down UDS service system complete
AcceleratorClientConnectionCallback - disconnected - :0
Cleanup mono
CodeReloadManager destroyed
debugger-agent: Unable to listen on 121

SDL leaked 2 allocations
Turn on UNITY_SDL_ALLOCATION_TRACKING for detailed information.
VBCSCompilerPreWarmer: requested VBCSCompiler shutdown
Checking for leaked weakptr:
  Found no leaked weakptrs.
[Package Manager] Server process was shutdown
##utp:{"type":"MemoryLeaks","version":2,"phase":"Immediate","time":1790886643187,"processId":8893,"allocatedMemory":8043612,"memoryLabels":[{"Default":203225},{"Permanent":16152},{"Thread":1052256},{"Manager":34289},{"VertexData":8},{"Geometry":408},{"Texture":24},{"Shader":853533},{"Material":68},{"GfxDevice":36608},{"Animation":1016},{"Audio":624},{"FreeType":8},{"FontEngine":736},{"Physics":1970},{"Physics2D":16},{"Serialization":16376},{"Input":60256},{"JobScheduler":256},{"TextLib":27435},{"Mono":80},{"ScriptingNativeRuntime":155088},{"BaseObject":52000},{"Resource":1076},{"Renderer":2368},{"Transform":4717},{"File":4228},{"WebCam":80},{"Culling":32},{"Terrain":11346},{"Wind":24},{"String":1273689},{"StaticString":3808},{"Utility":2679152},{"PoolAlloc":1960},{"AI":80},{"TypeTree":126260},{"ScriptManager":18984},{"CodeReload":448},{"RuntimeInitializeOnLoadManager":64},{"Sprites":102},{"SpriteAtlas":120},{"GI":7408},{"Director":8280},{"CloudService":8144},{"WebRequest":17653},{"VR":49554},{"SceneManager":640},{"Video":64},{"LazyScriptCache":32},{"Camera":2361},{"Secure":8225},{"Image":65536},{"SerializationCache":9256},{"APIUpdating":10320},{"Subsystems":336},{"VirtualTexturing":57552},{"StaticSafetyDebugInfo":278528},{"Analytics":592},{"Hierarchy":1436},{"UIElements":40},{"CoreStats":14456},{"Identifiers":7152},{"Gui":267545},{"EditorUtility":75742},{"VersionControl":8},{"Undo":963},{"AssetDatabase":445824},{"AssetImporter":40},{"EditorGi":328},{"UnityConnect":36881},{"Upm":1836},{"UpmDiagnostics":8},{"AssetCompliance":96},{"DrivenProperties":72},{"LocalIPC":204},{"ProfilerEditor":9746},{"CoreBusinessMetrics":2520},{"Windowing":480},{"Licensing":12720},{"AssetReference":32},{"IPCStream":32}]}
